branch_id,horizon_id,time_s,norm_id,selector_id,input_dimension,output_dimension,log_gain
onset_x,near_onset,1.4375e-06,baseline,full_to_full,69,69,7.004210607647863
onset_x,near_onset,1.4375e-06,baseline,constitutive_to_constitutive,63,63,0.6208999188473417
onset_x,near_onset,1.4375e-06,baseline,full_to_constitutive,69,63,0.6357782386623778
onset_x,near_onset,1.4375e-06,baseline,constitutive_to_full,63,69,1.7181169200576143
onset_x,near_onset,1.4375e-06,baseline,mechanical_to_mechanical,6,6,7.004204451553561
onset_x,near_onset,1.4375e-06,baseline,mechanical_to_constitutive,6,63,-1.0067326981161175
onset_x,near_onset,1.4375e-06,baseline,constitutive_to_temperature,63,1,-0.00438865218023767
onset_x,near_onset,1.4375e-06,mechanical_x0.5,full_to_full,69,69,7.004229074904091
onset_x,near_onset,1.4375e-06,mechanical_x0.5,constitutive_to_constitutive,63,63,0.6208999188473417
onset_x,near_onset,1.4375e-06,mechanical_x0.5,full_to_constitutive,69,63,0.624635703876088
onset_x,near_onset,1.4375e-06,mechanical_x0.5,constitutive_to_full,63,69,2.3990464093964188
onset_x,near_onset,1.4375e-06,mechanical_x0.5,mechanical_to_mechanical,6,6,7.004204451553561
onset_x,near_onset,1.4375e-06,mechanical_x0.5,mechanical_to_constitutive,6,63,-1.699879878676063
onset_x,near_onset,1.4375e-06,mechanical_x0.5,constitutive_to_temperature,63,1,-0.00438865218023767
onset_x,near_onset,1.4375e-06,mechanical_x2,full_to_full,69,69,7.004205991156017
onset_x,near_onset,1.4375e-06,mechanical_x2,constitutive_to_constitutive,63,63,0.6208999188473417
onset_x,near_onset,1.4375e-06,mechanical_x2,full_to_constitutive,69,63,0.6792698314540565
onset_x,near_onset,1.4375e-06,mechanical_x2,constitutive_to_full,63,69,1.0710573848662515
onset_x,near_onset,1.4375e-06,mechanical_x2,mechanical_to_mechanical,6,6,7.004204451553561
onset_x,near_onset,1.4375e-06,mechanical_x2,mechanical_to_constitutive,6,63,-0.31358551755617226
onset_x,near_onset,1.4375e-06,mechanical_x2,constitutive_to_temperature,63,1,-0.00438865218023767
onset_x,near_onset,1.4375e-06,thermal_x0.5,full_to_full,69,69,7.0042106076482185
onset_x,near_onset,1.4375e-06,thermal_x0.5,constitutive_to_constitutive,63,63,0.6214763149496579
onset_x,near_onset,1.4375e-06,thermal_x0.5,full_to_constitutive,69,63,0.6363762102859725
onset_x,near_onset,1.4375e-06,thermal_x0.5,constitutive_to_full,63,69,1.7181169200576136
onset_x,near_onset,1.4375e-06,thermal_x0.5,mechanical_to_mechanical,6,6,7.004204451553561
onset_x,near_onset,1.4375e-06,thermal_x0.5,mechanical_to_constitutive,6,63,-1.0055446930737963
onset_x,near_onset,1.4375e-06,thermal_x0.5,constitutive_to_temperature,63,1,-0.002537565804763379
onset_x,near_onset,1.4375e-06,thermal_x2,full_to_full,69,69,7.004210607647775
onset_x,near_onset,1.4375e-06,thermal_x2,constitutive_to_constitutive,63,63,0.6207564349325004
onset_x,near_onset,1.4375e-06,thermal_x2,full_to_constitutive,69,63,0.6356293381504583
onset_x,near_onset,1.4375e-06,thermal_x2,constitutive_to_full,63,69,1.7181169200576139
onset_x,near_onset,1.4375e-06,thermal_x2,mechanical_to_mechanical,6,6,7.004204451553561
onset_x,near_onset,1.4375e-06,thermal_x2,mechanical_to_constitutive,6,63,-1.0070301409498945
onset_x,near_onset,1.4375e-06,thermal_x2,constitutive_to_temperature,63,1,-0.004852496547490101
onset_x,near_onset,1.4375e-06,dislocation_x0.5,full_to_full,69,69,7.004210607348702
onset_x,near_onset,1.4375e-06,dislocation_x0.5,constitutive_to_constitutive,63,63,0.32510133796460516
onset_x,near_onset,1.4375e-06,dislocation_x0.5,full_to_constitutive,69,63,0.3481906667620288
onset_x,near_onset,1.4375e-06,dislocation_x0.5,constitutive_to_full,63,69,1.7181169200576143
onset_x,near_onset,1.4375e-06,dislocation_x0.5,mechanical_to_mechanical,6,6,7.004204451553561
onset_x,near_onset,1.4375e-06,dislocation_x0.5,mechanical_to_constitutive,6,63,-1.0067276609928357
onset_x,near_onset,1.4375e-06,dislocation_x0.5,constitutive_to_temperature,63,1,-0.004852491067240946
onset_x,near_onset,1.4375e-06,dislocation_x2,full_to_full,69,69,7.004210608844529
onset_x,near_onset,1.4375e-06,dislocation_x2,constitutive_to_constitutive,63,63,1.092412828719555
onset_x,near_onset,1.4375e-06,dislocation_x2,full_to_constitutive,69,63,1.0991289597529443
onset_x,near_onset,1.4375e-06,dislocation_x2,constitutive_to_full,63,69,1.7181169200576203
onset_x,near_onset,1.4375e-06,dislocation_x2,mechanical_to_mechanical,6,6,7.004204451553561
onset_x,near_onset,1.4375e-06,dislocation_x2,mechanical_to_constitutive,6,63,-1.006733957404867
onset_x,near_onset,1.4375e-06,dislocation_x2,constitutive_to_temperature,63,1,-0.0025375876245042573
onset_x,near_onset,1.4375e-06,plastic_kinematic_x0.5,full_to_full,69,69,7.0042059914535
onset_x,near_onset,1.4375e-06,plastic_kinematic_x0.5,constitutive_to_constitutive,63,63,1.0922038863882018
onset_x,near_onset,1.4375e-06,plastic_kinematic_x0.5,full_to_constitutive,69,63,1.1186493128278436
onset_x,near_onset,1.4375e-06,plastic_kinematic_x0.5,constitutive_to_full,63,69,1.2797367747365918
onset_x,near_onset,1.4375e-06,plastic_kinematic_x0.5,mechanical_to_mechanical,6,6,7.004204451553561
onset_x,near_onset,1.4375e-06,plastic_kinematic_x0.5,mechanical_to_constitutive,6,63,-0.313884220428055
onset_x,near_onset,1.4375e-06,plastic_kinematic_x0.5,constitutive_to_temperature,63,1,-0.0043886576554055855
onset_x,near_onset,1.4375e-06,plastic_kinematic_x2,full_to_full,69,69,7.004229073706333
onset_x,near_onset,1.4375e-06,plastic_kinematic_x2,constitutive_to_constitutive,63,63,0.3254268140648976
onset_x,near_onset,1.4375e-06,plastic_kinematic_x2,full_to_constitutive,69,63,0.3311769627830949
onset_x,near_onset,1.4375e-06,plastic_kinematic_x2,constitutive_to_full,63,69,2.3990464093964188
onset_x,near_onset,1.4375e-06,plastic_kinematic_x2,mechanical_to_mechanical,6,6,7.004204451553561
onset_x,near_onset,1.4375e-06,plastic_kinematic_x2,mechanical_to_constitutive,6,63,-1.6986868484644477
onset_x,near_onset,1.4375e-06,plastic_kinematic_x2,constitutive_to_temperature,63,1,-0.004388630279567758
onset_x,near_onset,1.4375e-06,all_constitutive_x0.5,full_to_full,69,69,7.004205991156017
onset_x,near_onset,1.4375e-06,all_constitutive_x0.5,constitutive_to_constitutive,63,63,0.6208999188473417
onset_x,near_onset,1.4375e-06,all_constitutive_x0.5,full_to_constitutive,69,63,0.6792698314540565
onset_x,near_onset,1.4375e-06,all_constitutive_x0.5,constitutive_to_full,63,69,1.0710573848662515
onset_x,near_onset,1.4375e-06,all_constitutive_x0.5,mechanical_to_mechanical,6,6,7.004204451553561
onset_x,near_onset,1.4375e-06,all_constitutive_x0.5,mechanical_to_constitutive,6,63,-0.31358551755617226
onset_x,near_onset,1.4375e-06,all_constitutive_x0.5,constitutive_to_temperature,63,1,-0.00438865218023767
onset_x,near_onset,1.4375e-06,all_constitutive_x2,full_to_full,69,69,7.004229074904091
onset_x,near_onset,1.4375e-06,all_constitutive_x2,constitutive_to_constitutive,63,63,0.6208999188473417
onset_x,near_onset,1.4375e-06,all_constitutive_x2,full_to_constitutive,69,63,0.624635703876088
onset_x,near_onset,1.4375e-06,all_constitutive_x2,constitutive_to_full,63,69,2.3990464093964188
onset_x,near_onset,1.4375e-06,all_constitutive_x2,mechanical_to_mechanical,6,6,7.004204451553561
onset_x,near_onset,1.4375e-06,all_constitutive_x2,mechanical_to_constitutive,6,63,-1.699879878676063
onset_x,near_onset,1.4375e-06,all_constitutive_x2,constitutive_to_temperature,63,1,-0.00438865218023767
onset_x,terminal,0.00014,baseline,full_to_full,69,69,6.873879205416063
onset_x,terminal,0.00014,baseline,constitutive_to_constitutive,63,63,0.9020389991070371
onset_x,terminal,0.00014,baseline,full_to_constitutive,69,63,0.9020389993205453
onset_x,terminal,0.00014,baseline,constitutive_to_full,63,69,2.3831565697177814
onset_x,terminal,0.00014,baseline,mechanical_to_mechanical,6,6,6.873816979797368
onset_x,terminal,0.00014,baseline,mechanical_to_constitutive,6,63,-8.917717417746859
onset_x,terminal,0.00014,baseline,constitutive_to_temperature,63,1,0.7495224820522519
onset_x,terminal,0.00014,mechanical_x0.5,full_to_full,69,69,6.874065835821216
onset_x,terminal,0.00014,mechanical_x0.5,constitutive_to_constitutive,63,63,0.9020389991070371
onset_x,terminal,0.00014,mechanical_x0.5,full_to_constitutive,69,63,0.9020389991604143
onset_x,terminal,0.00014,mechanical_x0.5,constitutive_to_full,63,69,3.0724752291982163
onset_x,terminal,0.00014,mechanical_x0.5,mechanical_to_mechanical,6,6,6.873816979797368
onset_x,terminal,0.00014,mechanical_x0.5,mechanical_to_constitutive,6,63,-9.610864598306804
onset_x,terminal,0.00014,mechanical_x0.5,constitutive_to_temperature,63,1,0.7495224820522519
onset_x,terminal,0.00014,mechanical_x2,full_to_full,69,69,6.873832536928065
onset_x,terminal,0.00014,mechanical_x2,constitutive_to_constitutive,63,63,0.9020389991070371
onset_x,terminal,0.00014,mechanical_x2,full_to_constitutive,69,63,0.9020389999610665
onset_x,terminal,0.00014,mechanical_x2,constitutive_to_full,63,69,1.7052089238801955
onset_x,terminal,0.00014,mechanical_x2,mechanical_to_mechanical,6,6,6.873816979797368
onset_x,terminal,0.00014,mechanical_x2,mechanical_to_constitutive,6,63,-8.224570237186914
onset_x,terminal,0.00014,mechanical_x2,constitutive_to_temperature,63,1,0.7495224820522519
onset_x,terminal,0.00014,thermal_x0.5,full_to_full,69,69,6.873879205416063
onset_x,terminal,0.00014,thermal_x0.5,constitutive_to_constitutive,63,63,1.4345632267574642
onset_x,terminal,0.00014,thermal_x0.5,full_to_constitutive,69,63,1.4345632287623489
onset_x,terminal,0.00014,thermal_x0.5,constitutive_to_full,63,69,2.3831565697182233
onset_x,terminal,0.00014,thermal_x0.5,mechanical_to_mechanical,6,6,6.873816979797368
onset_x,terminal,0.00014,thermal_x0.5,mechanical_to_constitutive,6,63,-8.23122151293188
onset_x,terminal,0.00014,thermal_x0.5,constitutive_to_temperature,63,1,1.431101252652743
onset_x,terminal,0.00014,thermal_x2,full_to_full,69,69,6.873879205416063
onset_x,terminal,0.00014,thermal_x2,constitutive_to_constitutive,63,63,0.8930504931822133
onset_x,terminal,0.00014,thermal_x2,full_to_constitutive,69,63,0.8930504932136613
onset_x,terminal,0.00014,thermal_x2,constitutive_to_full,63,69,2.383156569717688
onset_x,terminal,0.00014,thermal_x2,mechanical_to_mechanical,6,6,6.873816979797368
onset_x,terminal,0.00014,thermal_x2,mechanical_to_constitutive,6,63,-9.584666097714065
onset_x,terminal,0.00014,thermal_x2,constitutive_to_temperature,63,1,0.10014481646927577
onset_x,terminal,0.00014,dislocation_x0.5,full_to_full,69,69,6.873879205416063
onset_x,terminal,0.00014,dislocation_x0.5,constitutive_to_constitutive,63,63,0.8855257951936082
onset_x,terminal,0.00014,dislocation_x0.5,full_to_constitutive,69,63,0.8855257952297271
onset_x,terminal,0.00014,dislocation_x0.5,constitutive_to_full,63,69,2.3831565697151267
onset_x,terminal,0.00014,dislocation_x0.5,mechanical_to_mechanical,6,6,6.873816979797368
onset_x,terminal,0.00014,dislocation_x0.5,mechanical_to_constitutive,6,63,-8.916685051894373
onset_x,terminal,0.00014,dislocation_x0.5,constitutive_to_temperature,63,1,0.10042934658607745
onset_x,terminal,0.00014,dislocation_x2,full_to_full,69,69,6.873879205416065
onset_x,terminal,0.00014,dislocation_x2,constitutive_to_constitutive,63,63,1.4398986915410568
onset_x,terminal,0.00014,dislocation_x2,full_to_constitutive,69,63,1.439898692043367
onset_x,terminal,0.00014,dislocation_x2,constitutive_to_full,63,69,2.3831565697301094
onset_x,terminal,0.00014,dislocation_x2,mechanical_to_mechanical,6,6,6.873816979797368
onset_x,terminal,0.00014,dislocation_x2,mechanical_to_constitutive,6,63,-8.917966459404589
onset_x,terminal,0.00014,dislocation_x2,constitutive_to_temperature,63,1,1.4310217663571536
onset_x,terminal,0.00014,plastic_kinematic_x0.5,full_to_full,69,69,6.873832536928065
onset_x,terminal,0.00014,plastic_kinematic_x0.5,constitutive_to_constitutive,63,63,0.9428947518046752
onset_x,terminal,0.00014,plastic_kinematic_x0.5,full_to_constitutive,69,63,0.9428947522685968
onset_x,terminal,0.00014,plastic_kinematic_x0.5,constitutive_to_full,63,69,1.7052089238915302
onset_x,terminal,0.00014,plastic_kinematic_x0.5,mechanical_to_mechanical,6,6,6.873816979797368
onset_x,terminal,0.00014,plastic_kinematic_x0.5,mechanical_to_constitutive,6,63,-8.892564731107441
onset_x,terminal,0.00014,plastic_kinematic_x0.5,constitutive_to_temperature,63,1,0.7494448138461066
onset_x,terminal,0.00014,plastic_kinematic_x2,full_to_full,69,69,6.874065835821215
onset_x,terminal,0.00014,plastic_kinematic_x2,constitutive_to_constitutive,63,63,0.8908472796546101
onset_x,terminal,0.00014,plastic_kinematic_x2,full_to_constitutive,69,63,0.8908472797641273
onset_x,terminal,0.00014,plastic_kinematic_x2,constitutive_to_full,63,69,3.0724752291956188
onset_x,terminal,0.00014,plastic_kinematic_x2,mechanical_to_mechanical,6,6,6.873816979797368
onset_x,terminal,0.00014,plastic_kinematic_x2,mechanical_to_constitutive,6,63,-8.92412085711087
onset_x,terminal,0.00014,plastic_kinematic_x2,constitutive_to_temperature,63,1,0.7498330342860212
onset_x,terminal,0.00014,all_constitutive_x0.5,full_to_full,69,69,6.873832536928065
onset_x,terminal,0.00014,all_constitutive_x0.5,constitutive_to_constitutive,63,63,0.9020389991070371
onset_x,terminal,0.00014,all_constitutive_x0.5,full_to_constitutive,69,63,0.9020389999610665
onset_x,terminal,0.00014,all_constitutive_x0.5,constitutive_to_full,63,69,1.7052089238801955
onset_x,terminal,0.00014,all_constitutive_x0.5,mechanical_to_mechanical,6,6,6.873816979797368
onset_x,terminal,0.00014,all_constitutive_x0.5,mechanical_to_constitutive,6,63,-8.224570237186914
onset_x,terminal,0.00014,all_constitutive_x0.5,constitutive_to_temperature,63,1,0.7495224820522519
onset_x,terminal,0.00014,all_constitutive_x2,full_to_full,69,69,6.874065835821216
onset_x,terminal,0.00014,all_constitutive_x2,constitutive_to_constitutive,63,63,0.9020389991070371
onset_x,terminal,0.00014,all_constitutive_x2,full_to_constitutive,69,63,0.9020389991604143
onset_x,terminal,0.00014,all_constitutive_x2,constitutive_to_full,63,69,3.0724752291982163
onset_x,terminal,0.00014,all_constitutive_x2,mechanical_to_mechanical,6,6,6.873816979797368
onset_x,terminal,0.00014,all_constitutive_x2,mechanical_to_constitutive,6,63,-9.610864598306804
onset_x,terminal,0.00014,all_constitutive_x2,constitutive_to_temperature,63,1,0.7495224820522519
onset_y,near_onset,1.4375e-06,baseline,full_to_full,69,69,7.571527464301534
onset_y,near_onset,1.4375e-06,baseline,constitutive_to_constitutive,63,63,0.6213909671573791
onset_y,near_onset,1.4375e-06,baseline,full_to_constitutive,69,63,0.637362791921896
onset_y,near_onset,1.4375e-06,baseline,constitutive_to_full,63,69,1.8071957009019382
onset_y,near_onset,1.4375e-06,baseline,mechanical_to_mechanical,6,6,7.57152609535827
onset_y,near_onset,1.4375e-06,baseline,mechanical_to_constitutive,6,63,-0.9707595861506177
onset_y,near_onset,1.4375e-06,baseline,constitutive_to_temperature,63,1,-0.02200128119544356
onset_y,near_onset,1.4375e-06,mechanical_x0.5,full_to_full,69,69,7.571531570989158
onset_y,near_onset,1.4375e-06,mechanical_x0.5,constitutive_to_constitutive,63,63,0.6213909671573791
onset_y,near_onset,1.4375e-06,mechanical_x0.5,full_to_constitutive,69,63,0.6254027228601126
onset_y,near_onset,1.4375e-06,mechanical_x0.5,constitutive_to_full,63,69,2.4880707777459934
onset_y,near_onset,1.4375e-06,mechanical_x0.5,mechanical_to_mechanical,6,6,7.57152609535827
onset_y,near_onset,1.4375e-06,mechanical_x0.5,mechanical_to_constitutive,6,63,-1.6639067667105631
onset_y,near_onset,1.4375e-06,mechanical_x0.5,constitutive_to_temperature,63,1,-0.02200128119544356
onset_y,near_onset,1.4375e-06,mechanical_x2,full_to_full,69,69,7.571526437714112
onset_y,near_onset,1.4375e-06,mechanical_x2,constitutive_to_constitutive,63,63,0.6213909671573791
onset_y,near_onset,1.4375e-06,mechanical_x2,full_to_constitutive,69,63,0.6839466087924272
onset_y,near_onset,1.4375e-06,mechanical_x2,constitutive_to_full,63,69,1.1639819382294592
onset_y,near_onset,1.4375e-06,mechanical_x2,mechanical_to_mechanical,6,6,7.57152609535827
onset_y,near_onset,1.4375e-06,mechanical_x2,mechanical_to_constitutive,6,63,-0.27761240559067246
onset_y,near_onset,1.4375e-06,mechanical_x2,constitutive_to_temperature,63,1,-0.02200128119544356
onset_y,near_onset,1.4375e-06,thermal_x0.5,full_to_full,69,69,7.571527464301608
onset_y,near_onset,1.4375e-06,thermal_x0.5,constitutive_to_constitutive,63,63,0.6219585978608863
onset_y,near_onset,1.4375e-06,thermal_x0.5,full_to_constitutive,69,63,0.6379529113361657
onset_y,near_onset,1.4375e-06,thermal_x0.5,constitutive_to_full,63,69,1.807196673778934
onset_y,near_onset,1.4375e-06,thermal_x0.5,mechanical_to_mechanical,6,6,7.57152609535827
onset_y,near_onset,1.4375e-06,thermal_x0.5,mechanical_to_constitutive,6,63,-0.9695949442100612
onset_y,near_onset,1.4375e-06,thermal_x0.5,constitutive_to_temperature,63,1,-0.020085329700687965
onset_y,near_onset,1.4375e-06,thermal_x2,full_to_full,69,69,7.571527464301515
onset_y,near_onset,1.4375e-06,thermal_x2,constitutive_to_constitutive,63,63,0.6212496480295344
onset_y,near_onset,1.4375e-06,thermal_x2,full_to_constitutive,69,63,0.6372158277330942
onset_y,near_onset,1.4375e-06,thermal_x2,constitutive_to_full,63,69,1.8071954798925174
onset_y,near_onset,1.4375e-06,thermal_x2,mechanical_to_mechanical,6,6,7.57152609535827
onset_y,near_onset,1.4375e-06,thermal_x2,mechanical_to_constitutive,6,63,-0.971051171002102
onset_y,near_onset,1.4375e-06,thermal_x2,constitutive_to_temperature,63,1,-0.022481418417969513
onset_y,near_onset,1.4375e-06,dislocation_x0.5,full_to_full,69,69,7.571527464280213
onset_y,near_onset,1.4375e-06,dislocation_x0.5,constitutive_to_constitutive,63,63,0.3256099999597671
onset_y,near_onset,1.4375e-06,dislocation_x0.5,full_to_constitutive,69,63,0.3504340398236965
onset_y,near_onset,1.4375e-06,dislocation_x0.5,constitutive_to_full,63,69,1.8001869613614927
onset_y,near_onset,1.4375e-06,dislocation_x0.5,mechanical_to_mechanical,6,6,7.57152609535827
onset_y,near_onset,1.4375e-06,dislocation_x0.5,mechanical_to_constitutive,6,63,-0.9707545504334063
onset_y,near_onset,1.4375e-06,dislocation_x0.5,constitutive_to_temperature,63,1,-0.022481417076655845
onset_y,near_onset,1.4375e-06,dislocation_x2,full_to_full,69,69,7.571527464386821
onset_y,near_onset,1.4375e-06,dislocation_x2,constitutive_to_constitutive,63,63,1.0928840506563673
onset_y,near_onset,1.4375e-06,dislocation_x2,full_to_constitutive,69,63,1.100092502687883
onset_y,near_onset,1.4375e-06,dislocation_x2,constitutive_to_full,63,69,1.8391157951811696
onset_y,near_onset,1.4375e-06,dislocation_x2,mechanical_to_mechanical,6,6,7.57152609535827
onset_y,near_onset,1.4375e-06,dislocation_x2,mechanical_to_constitutive,6,63,-0.9707608450878453
onset_y,near_onset,1.4375e-06,dislocation_x2,constitutive_to_temperature,63,1,-0.020085335040292848
onset_y,near_onset,1.4375e-06,plastic_kinematic_x0.5,full_to_full,69,69,7.571526437735266
onset_y,near_onset,1.4375e-06,plastic_kinematic_x0.5,constitutive_to_constitutive,63,63,1.0926763406874245
onset_y,near_onset,1.4375e-06,plastic_kinematic_x0.5,full_to_constitutive,69,63,1.1210283105523717
onset_y,near_onset,1.4375e-06,plastic_kinematic_x0.5,constitutive_to_full,63,69,1.2754920827990122
onset_y,near_onset,1.4375e-06,plastic_kinematic_x0.5,mechanical_to_mechanical,6,6,7.57152609535827
onset_y,near_onset,1.4375e-06,plastic_kinematic_x0.5,mechanical_to_constitutive,6,63,-0.2779052501137735
onset_y,near_onset,1.4375e-06,plastic_kinematic_x0.5,constitutive_to_temperature,63,1,-0.022001282535469985
onset_y,near_onset,1.4375e-06,plastic_kinematic_x2,full_to_full,69,69,7.571531570903803
onset_y,near_onset,1.4375e-06,plastic_kinematic_x2,constitutive_to_constitutive,63,63,0.3259234383236598
onset_y,near_onset,1.4375e-06,plastic_kinematic_x2,full_to_constitutive,69,63,0.3321038356526327
onset_y,near_onset,1.4375e-06,plastic_kinematic_x2,constitutive_to_full,63,69,2.482542915853722
onset_y,near_onset,1.4375e-06,plastic_kinematic_x2,mechanical_to_mechanical,6,6,7.57152609535827
onset_y,near_onset,1.4375e-06,plastic_kinematic_x2,mechanical_to_constitutive,6,63,-1.6627371007687013
onset_y,near_onset,1.4375e-06,plastic_kinematic_x2,constitutive_to_temperature,63,1,-0.0220012758353388
onset_y,near_onset,1.4375e-06,all_constitutive_x0.5,full_to_full,69,69,7.571526437714112
onset_y,near_onset,1.4375e-06,all_constitutive_x0.5,constitutive_to_constitutive,63,63,0.6213909671573791
onset_y,near_onset,1.4375e-06,all_constitutive_x0.5,full_to_constitutive,69,63,0.6839466087924272
onset_y,near_onset,1.4375e-06,all_constitutive_x0.5,constitutive_to_full,63,69,1.1639819382294592
onset_y,near_onset,1.4375e-06,all_constitutive_x0.5,mechanical_to_mechanical,6,6,7.57152609535827
onset_y,near_onset,1.4375e-06,all_constitutive_x0.5,mechanical_to_constitutive,6,63,-0.27761240559067246
onset_y,near_onset,1.4375e-06,all_constitutive_x0.5,constitutive_to_temperature,63,1,-0.02200128119544356
onset_y,near_onset,1.4375e-06,all_constitutive_x2,full_to_full,69,69,7.571531570989158
onset_y,near_onset,1.4375e-06,all_constitutive_x2,constitutive_to_constitutive,63,63,0.6213909671573791
onset_y,near_onset,1.4375e-06,all_constitutive_x2,full_to_constitutive,69,63,0.6254027228601126
onset_y,near_onset,1.4375e-06,all_constitutive_x2,constitutive_to_full,63,69,2.4880707777459934
onset_y,near_onset,1.4375e-06,all_constitutive_x2,mechanical_to_mechanical,6,6,7.57152609535827
onset_y,near_onset,1.4375e-06,all_constitutive_x2,mechanical_to_constitutive,6,63,-1.6639067667105631
onset_y,near_onset,1.4375e-06,all_constitutive_x2,constitutive_to_temperature,63,1,-0.02200128119544356
onset_y,terminal,0.00014,baseline,full_to_full,69,69,9.93940351898673
onset_y,terminal,0.00014,baseline,constitutive_to_constitutive,63,63,9.939399605084102
onset_y,terminal,0.00014,baseline,full_to_constitutive,69,63,9.939399659411588
onset_y,terminal,0.00014,baseline,constitutive_to_full,63,69,9.939403464646414
onset_y,terminal,0.00014,baseline,mechanical_to_mechanical,6,6,6.834481708569259
onset_y,terminal,0.00014,baseline,mechanical_to_constitutive,6,63,1.9218554682729434
onset_y,terminal,0.00014,baseline,constitutive_to_temperature,63,1,4.380974579652316
onset_y,terminal,0.00014,mechanical_x0.5,full_to_full,69,69,9.939415056747821
onset_y,terminal,0.00014,mechanical_x0.5,constitutive_to_constitutive,63,63,9.939399605084102
onset_y,terminal,0.00014,mechanical_x0.5,full_to_constitutive,69,63,9.939399618665973
onset_y,terminal,0.00014,mechanical_x0.5,constitutive_to_full,63,69,9.939415043154606
onset_y,terminal,0.00014,mechanical_x0.5,mechanical_to_mechanical,6,6,6.834481708569259
onset_y,terminal,0.00014,mechanical_x0.5,mechanical_to_constitutive,6,63,1.228708287712998
onset_y,terminal,0.00014,mechanical_x0.5,constitutive_to_temperature,63,1,4.380974579652316
onset_y,terminal,0.00014,mechanical_x2,full_to_full,69,69,9.939400787306171
onset_y,terminal,0.00014,mechanical_x2,constitutive_to_constitutive,63,63,9.939399605084102
onset_y,terminal,0.00014,mechanical_x2,full_to_constitutive,69,63,9.939399822394018
onset_y,terminal,0.00014,mechanical_x2,constitutive_to_full,63,69,9.939400569977472
onset_y,terminal,0.00014,mechanical_x2,mechanical_to_mechanical,6,6,6.834481708569259
onset_y,terminal,0.00014,mechanical_x2,mechanical_to_constitutive,6,63,2.615002648832889
onset_y,terminal,0.00014,mechanical_x2,constitutive_to_temperature,63,1,4.380974579652316
onset_y,terminal,0.00014,thermal_x0.5,full_to_full,69,69,9.939365962897526
onset_y,terminal,0.00014,thermal_x0.5,constitutive_to_constitutive,63,63,9.939362049159174
onset_y,terminal,0.00014,thermal_x0.5,full_to_constitutive,69,63,9.939362103493252
onset_y,terminal,0.00014,thermal_x0.5,constitutive_to_full,63,69,9.939365908550618
onset_y,terminal,0.00014,thermal_x0.5,mechanical_to_mechanical,6,6,6.834481708569259
onset_y,terminal,0.00014,thermal_x0.5,mechanical_to_constitutive,6,63,1.921878590051222
onset_y,terminal,0.00014,thermal_x0.5,constitutive_to_temperature,63,1,5.073962641297988
onset_y,terminal,0.00014,thermal_x2,full_to_full,69,69,9.939636441648826
onset_y,terminal,0.00014,thermal_x2,constitutive_to_constitutive,63,63,9.939632527727538
onset_y,terminal,0.00014,thermal_x2,full_to_constitutive,69,63,9.939632582029096
onset_y,terminal,0.00014,thermal_x2,constitutive_to_full,63,69,9.939636387334447
onset_y,terminal,0.00014,thermal_x2,mechanical_to_mechanical,6,6,6.834481708569259
onset_y,terminal,0.00014,thermal_x2,mechanical_to_constitutive,6,63,1.9218496876636042
onset_y,terminal,0.00014,thermal_x2,constitutive_to_temperature,63,1,3.6884633688558135
onset_y,terminal,0.00014,dislocation_x0.5,full_to_full,69,69,9.246531880421665
onset_y,terminal,0.00014,dislocation_x0.5,constitutive_to_constitutive,63,63,9.246527803593782
onset_y,terminal,0.00014,dislocation_x0.5,full_to_constitutive,69,63,9.246528020784083
onset_y,terminal,0.00014,dislocation_x0.5,constitutive_to_full,63,69,9.24653166315828
onset_y,terminal,0.00014,dislocation_x0.5,mechanical_to_mechanical,6,6,6.834481708569259
onset_y,terminal,0.00014,dislocation_x0.5,mechanical_to_constitutive,6,63,1.9218555545974774
onset_y,terminal,0.00014,dislocation_x0.5,constitutive_to_temperature,63,1,3.688628179048671
onset_y,terminal,0.00014,dislocation_x2,full_to_full,69,69,10.632481790334417
onset_y,terminal,0.00014,dislocation_x2,constitutive_to_constitutive,63,63,10.63247791718603
onset_y,terminal,0.00014,dislocation_x2,full_to_constitutive,69,63,10.632477930769772
onset_y,terminal,0.00014,dislocation_x2,constitutive_to_full,63,69,10.632481776747808
onset_y,terminal,0.00014,dislocation_x2,mechanical_to_mechanical,6,6,6.834481708569259
onset_y,terminal,0.00014,dislocation_x2,mechanical_to_constitutive,6,63,1.9218554466918076
onset_y,terminal,0.00014,dislocation_x2,constitutive_to_temperature,63,1,5.073921364672427
onset_y,terminal,0.00014,plastic_kinematic_x0.5,full_to_full,69,69,10.632533047559804
onset_y,terminal,0.00014,plastic_kinematic_x0.5,constitutive_to_constitutive,63,63,10.632532028324094
onset_y,terminal,0.00014,plastic_kinematic_x0.5,full_to_constitutive,69,63,10.632532082652556
onset_y,terminal,0.00014,plastic_kinematic_x0.5,constitutive_to_full,63,69,10.632532993228105
onset_y,terminal,0.00014,plastic_kinematic_x0.5,mechanical_to_mechanical,6,6,6.834481708569259
onset_y,terminal,0.00014,plastic_kinematic_x0.5,mechanical_to_constitutive,6,63,2.614996846642161
onset_y,terminal,0.00014,plastic_kinematic_x0.5,constitutive_to_temperature,63,1,4.38093331616099
onset_y,terminal,0.00014,plastic_kinematic_x2,full_to_full,69,69,9.246326947818154
onset_y,terminal,0.00014,plastic_kinematic_x2,constitutive_to_constitutive,63,63,9.246311456055588
onset_y,terminal,0.00014,plastic_kinematic_x2,full_to_constitutive,69,63,9.246311510379183
onset_y,terminal,0.00014,plastic_kinematic_x2,constitutive_to_full,63,69,9.246326893445254
onset_y,terminal,0.00014,plastic_kinematic_x2,mechanical_to_mechanical,6,6,6.834481708569259
onset_y,terminal,0.00014,plastic_kinematic_x2,mechanical_to_constitutive,6,63,1.2287314958117665
onset_y,terminal,0.00014,plastic_kinematic_x2,constitutive_to_temperature,63,1,4.381139599572536
onset_y,terminal,0.00014,all_constitutive_x0.5,full_to_full,69,69,9.939400787306171
onset_y,terminal,0.00014,all_constitutive_x0.5,constitutive_to_constitutive,63,63,9.939399605084102
onset_y,terminal,0.00014,all_constitutive_x0.5,full_to_constitutive,69,63,9.939399822394018
onset_y,terminal,0.00014,all_constitutive_x0.5,constitutive_to_full,63,69,9.939400569977472
onset_y,terminal,0.00014,all_constitutive_x0.5,mechanical_to_mechanical,6,6,6.834481708569259
onset_y,terminal,0.00014,all_constitutive_x0.5,mechanical_to_constitutive,6,63,2.615002648832889
onset_y,terminal,0.00014,all_constitutive_x0.5,constitutive_to_temperature,63,1,4.380974579652316
onset_y,terminal,0.00014,all_constitutive_x2,full_to_full,69,69,9.939415056747821
onset_y,terminal,0.00014,all_constitutive_x2,constitutive_to_constitutive,63,63,9.939399605084102
onset_y,terminal,0.00014,all_constitutive_x2,full_to_constitutive,69,63,9.939399618665973
onset_y,terminal,0.00014,all_constitutive_x2,constitutive_to_full,63,69,9.939415043154606
onset_y,terminal,0.00014,all_constitutive_x2,mechanical_to_mechanical,6,6,6.834481708569259
onset_y,terminal,0.00014,all_constitutive_x2,mechanical_to_constitutive,6,63,1.228708287712998
onset_y,terminal,0.00014,all_constitutive_x2,constitutive_to_temperature,63,1,4.380974579652316
terminal_y,near_onset,1.4375e-06,baseline,full_to_full,69,69,5.482890655616237
terminal_y,near_onset,1.4375e-06,baseline,constitutive_to_constitutive,63,63,0.6185953175785982
terminal_y,near_onset,1.4375e-06,baseline,full_to_constitutive,69,63,0.6337066196221718
terminal_y,near_onset,1.4375e-06,baseline,constitutive_to_full,63,69,2.1814590172415684
terminal_y,near_onset,1.4375e-06,baseline,mechanical_to_mechanical,6,6,5.4822206091570465
terminal_y,near_onset,1.4375e-06,baseline,mechanical_to_constitutive,6,63,-1.0003222395743725
terminal_y,near_onset,1.4375e-06,baseline,constitutive_to_temperature,63,1,0.0001293381967534091
terminal_y,near_onset,1.4375e-06,mechanical_x0.5,full_to_full,69,69,5.484895424234323
terminal_y,near_onset,1.4375e-06,mechanical_x0.5,constitutive_to_constitutive,63,63,0.6185953175785982
terminal_y,near_onset,1.4375e-06,mechanical_x0.5,full_to_constitutive,69,63,0.6223896543841574
terminal_y,near_onset,1.4375e-06,mechanical_x0.5,constitutive_to_full,63,69,2.869805289829737
terminal_y,near_onset,1.4375e-06,mechanical_x0.5,mechanical_to_mechanical,6,6,5.4822206091570465
terminal_y,near_onset,1.4375e-06,mechanical_x0.5,mechanical_to_constitutive,6,63,-1.693469420134318
terminal_y,near_onset,1.4375e-06,mechanical_x0.5,constitutive_to_temperature,63,1,0.0001293381967534091
terminal_y,near_onset,1.4375e-06,mechanical_x2,full_to_full,69,69,5.482388204971066
terminal_y,near_onset,1.4375e-06,mechanical_x2,constitutive_to_constitutive,63,63,0.6185953175785982
terminal_y,near_onset,1.4375e-06,mechanical_x2,full_to_constitutive,69,63,0.6778707014095389
terminal_y,near_onset,1.4375e-06,mechanical_x2,constitutive_to_full,63,69,1.5070673584994865
terminal_y,near_onset,1.4375e-06,mechanical_x2,mechanical_to_mechanical,6,6,5.4822206091570465
terminal_y,near_onset,1.4375e-06,mechanical_x2,mechanical_to_constitutive,6,63,-0.3071750590144272
terminal_y,near_onset,1.4375e-06,mechanical_x2,constitutive_to_temperature,63,1,0.0001293381967534091
terminal_y,near_onset,1.4375e-06,thermal_x0.5,full_to_full,69,69,5.482890655616236
terminal_y,near_onset,1.4375e-06,thermal_x0.5,constitutive_to_constitutive,63,63,0.6191738783267949
terminal_y,near_onset,1.4375e-06,thermal_x0.5,full_to_constitutive,69,63,0.63430543432844
terminal_y,near_onset,1.4375e-06,thermal_x0.5,constitutive_to_full,63,69,2.181459017241567
terminal_y,near_onset,1.4375e-06,thermal_x0.5,mechanical_to_mechanical,6,6,5.4822206091570465
terminal_y,near_onset,1.4375e-06,thermal_x0.5,mechanical_to_constitutive,6,63,-0.9991931834370361
terminal_y,near_onset,1.4375e-06,thermal_x0.5,constitutive_to_temperature,63,1,0.0019557637750556097
terminal_y,near_onset,1.4375e-06,thermal_x2,full_to_full,69,69,5.482890655616237
terminal_y,near_onset,1.4375e-06,thermal_x2,constitutive_to_constitutive,63,63,0.6184512996352353
terminal_y,near_onset,1.4375e-06,thermal_x2,full_to_constitutive,69,63,0.6335575152515353
terminal_y,near_onset,1.4375e-06,thermal_x2,constitutive_to_full,63,69,2.181459017241567
terminal_y,near_onset,1.4375e-06,thermal_x2,mechanical_to_mechanical,6,6,5.4822206091570465
terminal_y,near_onset,1.4375e-06,thermal_x2,mechanical_to_constitutive,6,63,-1.0006049024237493
terminal_y,near_onset,1.4375e-06,thermal_x2,constitutive_to_temperature,63,1,-0.00032831255211043797
terminal_y,near_onset,1.4375e-06,dislocation_x0.5,full_to_full,69,69,5.482890655616236
terminal_y,near_onset,1.4375e-06,dislocation_x0.5,constitutive_to_constitutive,63,63,0.32284280543872446
terminal_y,near_onset,1.4375e-06,dislocation_x0.5,full_to_constitutive,69,63,0.34623090619599206
terminal_y,near_onset,1.4375e-06,dislocation_x0.5,constitutive_to_full,63,69,2.181459017241567
terminal_y,near_onset,1.4375e-06,dislocation_x0.5,mechanical_to_mechanical,6,6,5.4822206091570465
terminal_y,near_onset,1.4375e-06,dislocation_x0.5,mechanical_to_constitutive,6,63,-1.000317206063069
terminal_y,near_onset,1.4375e-06,dislocation_x0.5,constitutive_to_temperature,63,1,-0.0003282612546998126
terminal_y,near_onset,1.4375e-06,dislocation_x2,full_to_full,69,69,5.482890655616238
terminal_y,near_onset,1.4375e-06,dislocation_x2,constitutive_to_constitutive,63,63,1.0900782294813893
terminal_y,near_onset,1.4375e-06,dislocation_x2,full_to_constitutive,69,63,1.0969082835273505
terminal_y,near_onset,1.4375e-06,dislocation_x2,constitutive_to_full,63,69,2.2685110925611034
terminal_y,near_onset,1.4375e-06,dislocation_x2,mechanical_to_mechanical,6,6,5.4822206091570465
terminal_y,near_onset,1.4375e-06,dislocation_x2,mechanical_to_constitutive,6,63,-1.0003234979601159
terminal_y,near_onset,1.4375e-06,dislocation_x2,constitutive_to_temperature,63,1,0.0019555595205607785
terminal_y,near_onset,1.4375e-06,plastic_kinematic_x0.5,full_to_full,69,69,5.482388204971068
terminal_y,near_onset,1.4375e-06,plastic_kinematic_x0.5,constitutive_to_constitutive,63,63,1.0898690166061846
terminal_y,near_onset,1.4375e-06,plastic_kinematic_x0.5,full_to_constitutive,69,63,1.1167573963123634
terminal_y,near_onset,1.4375e-06,plastic_kinematic_x0.5,constitutive_to_full,63,69,1.6548051887192903
terminal_y,near_onset,1.4375e-06,plastic_kinematic_x0.5,mechanical_to_mechanical,6,6,5.4822206091570465
terminal_y,near_onset,1.4375e-06,plastic_kinematic_x0.5,mechanical_to_constitutive,6,63,-0.30745898096114727
terminal_y,near_onset,1.4375e-06,plastic_kinematic_x0.5,constitutive_to_temperature,63,1,0.00012928694626883726
terminal_y,near_onset,1.4375e-06,plastic_kinematic_x2,full_to_full,69,69,5.484895424234322
terminal_y,near_onset,1.4375e-06,plastic_kinematic_x2,constitutive_to_constitutive,63,63,0.32317149444130083
terminal_y,near_onset,1.4375e-06,plastic_kinematic_x2,full_to_constitutive,69,63,0.3289931950575618
terminal_y,near_onset,1.4375e-06,plastic_kinematic_x2,constitutive_to_full,63,69,2.869805289829736
terminal_y,near_onset,1.4375e-06,plastic_kinematic_x2,mechanical_to_mechanical,6,6,5.4822206091570465
terminal_y,near_onset,1.4375e-06,plastic_kinematic_x2,mechanical_to_constitutive,6,63,-1.692335341839031
terminal_y,near_onset,1.4375e-06,plastic_kinematic_x2,constitutive_to_temperature,63,1,0.00012954319863989867
terminal_y,near_onset,1.4375e-06,all_constitutive_x0.5,full_to_full,69,69,5.482388204971066
terminal_y,near_onset,1.4375e-06,all_constitutive_x0.5,constitutive_to_constitutive,63,63,0.6185953175785982
terminal_y,near_onset,1.4375e-06,all_constitutive_x0.5,full_to_constitutive,69,63,0.6778707014095389
terminal_y,near_onset,1.4375e-06,all_constitutive_x0.5,constitutive_to_full,63,69,1.5070673584994865
terminal_y,near_onset,1.4375e-06,all_constitutive_x0.5,mechanical_to_mechanical,6,6,5.4822206091570465
terminal_y,near_onset,1.4375e-06,all_constitutive_x0.5,mechanical_to_constitutive,6,63,-0.3071750590144272
terminal_y,near_onset,1.4375e-06,all_constitutive_x0.5,constitutive_to_temperature,63,1,0.0001293381967534091
terminal_y,near_onset,1.4375e-06,all_constitutive_x2,full_to_full,69,69,5.484895424234323
terminal_y,near_onset,1.4375e-06,all_constitutive_x2,constitutive_to_constitutive,63,63,0.6185953175785982
terminal_y,near_onset,1.4375e-06,all_constitutive_x2,full_to_constitutive,69,63,0.6223896543841574
terminal_y,near_onset,1.4375e-06,all_constitutive_x2,constitutive_to_full,63,69,2.869805289829737
terminal_y,near_onset,1.4375e-06,all_constitutive_x2,mechanical_to_mechanical,6,6,5.4822206091570465
terminal_y,near_onset,1.4375e-06,all_constitutive_x2,mechanical_to_constitutive,6,63,-1.693469420134318
terminal_y,near_onset,1.4375e-06,all_constitutive_x2,constitutive_to_temperature,63,1,0.0001293381967534091
terminal_y,terminal,0.00014,baseline,full_to_full,69,69,13.367806429460348
terminal_y,terminal,0.00014,baseline,constitutive_to_constitutive,63,63,13.367382415788443
terminal_y,terminal,0.00014,baseline,full_to_constitutive,69,63,13.367623251153798
terminal_y,terminal,0.00014,baseline,constitutive_to_full,63,69,13.367565594093975
terminal_y,terminal,0.00014,baseline,mechanical_to_mechanical,6,6,5.592524703698565
terminal_y,terminal,0.00014,baseline,mechanical_to_constitutive,6,63,9.548377933972303
terminal_y,terminal,0.00014,baseline,constitutive_to_temperature,63,1,9.636462544540082
terminal_y,terminal,0.00014,mechanical_x0.5,full_to_full,69,69,13.368174946421483
terminal_y,terminal,0.00014,mechanical_x0.5,constitutive_to_constitutive,63,63,13.367382415788443
terminal_y,terminal,0.00014,mechanical_x0.5,full_to_constitutive,69,63,13.367442635505968
terminal_y,terminal,0.00014,mechanical_x0.5,constitutive_to_full,63,69,13.368114726702938
terminal_y,terminal,0.00014,mechanical_x0.5,mechanical_to_mechanical,6,6,5.592524703698565
terminal_y,terminal,0.00014,mechanical_x0.5,mechanical_to_constitutive,6,63,8.855230753412357
terminal_y,terminal,0.00014,mechanical_x0.5,constitutive_to_temperature,63,1,9.636462544540082
terminal_y,terminal,0.00014,mechanical_x2,full_to_full,69,69,13.368390862880272
terminal_y,terminal,0.00014,mechanical_x2,constitutive_to_constitutive,63,63,13.367382415788443
terminal_y,terminal,0.00014,mechanical_x2,full_to_constitutive,69,63,13.368345062011056
terminal_y,terminal,0.00014,mechanical_x2,constitutive_to_full,63,69,13.36742821665664
terminal_y,terminal,0.00014,mechanical_x2,mechanical_to_mechanical,6,6,5.592524703698565
terminal_y,terminal,0.00014,mechanical_x2,mechanical_to_constitutive,6,63,10.241525114532248
terminal_y,terminal,0.00014,mechanical_x2,constitutive_to_temperature,63,1,9.636462544540082
terminal_y,terminal,0.00014,thermal_x0.5,full_to_full,69,69,13.368632848235368
terminal_y,terminal,0.00014,thermal_x0.5,constitutive_to_constitutive,63,63,13.368209133113035
terminal_y,terminal,0.00014,thermal_x0.5,full_to_constitutive,69,63,13.368449985099328
terminal_y,terminal,0.00014,thermal_x0.5,constitutive_to_full,63,69,13.368391996248064
terminal_y,terminal,0.00014,thermal_x0.5,mechanical_to_mechanical,6,6,5.592524703698565
terminal_y,terminal,0.00014,thermal_x0.5,mechanical_to_constitutive,6,63,9.549239165268917
terminal_y,terminal,0.00014,thermal_x0.5,constitutive_to_temperature,63,1,10.3295749154153
terminal_y,terminal,0.00014,thermal_x2,full_to_full,69,69,13.367728645653314
terminal_y,terminal,0.00014,thermal_x2,constitutive_to_constitutive,63,63,13.367304619302816
terminal_y,terminal,0.00014,thermal_x2,full_to_constitutive,69,63,13.36754538834635
terminal_y,terminal,0.00014,thermal_x2,constitutive_to_full,63,69,13.367487876608775
terminal_y,terminal,0.00014,thermal_x2,mechanical_to_mechanical,6,6,5.592524703698565
terminal_y,terminal,0.00014,thermal_x2,mechanical_to_constitutive,6,63,9.548162394161066
terminal_y,terminal,0.00014,thermal_x2,constitutive_to_temperature,63,1,8.943454578489822
terminal_y,terminal,0.00014,dislocation_x0.5,full_to_full,69,69,12.675524655417828
terminal_y,terminal,0.00014,dislocation_x0.5,constitutive_to_constitutive,63,63,12.674379107381062
terminal_y,terminal,0.00014,dislocation_x0.5,full_to_constitutive,69,63,12.675341477102222
terminal_y,terminal,0.00014,dislocation_x0.5,constitutive_to_full,63,69,12.674562285692673
terminal_y,terminal,0.00014,dislocation_x0.5,mechanical_to_mechanical,6,6,5.592524703698565
terminal_y,terminal,0.00014,dislocation_x0.5,mechanical_to_constitutive,6,63,9.548378031900876
terminal_y,terminal,0.00014,dislocation_x0.5,constitutive_to_temperature,63,1,8.943460627396748
terminal_y,terminal,0.00014,dislocation_x2,full_to_full,69,69,14.060737024201117
terminal_y,terminal,0.00014,dislocation_x2,constitutive_to_constitutive,63,63,14.060493621849634
terminal_y,terminal,0.00014,dislocation_x2,full_to_constitutive,69,63,14.060553845896854
terminal_y,terminal,0.00014,dislocation_x2,constitutive_to_full,63,69,14.060676800153642
terminal_y,terminal,0.00014,dislocation_x2,mechanical_to_mechanical,6,6,5.592524703698565
terminal_y,terminal,0.00014,dislocation_x2,mechanical_to_constitutive,6,63,9.548377909490156
terminal_y,terminal,0.00014,dislocation_x2,constitutive_to_temperature,63,1,10.329573402650711
terminal_y,terminal,0.00014,plastic_kinematic_x0.5,full_to_full,69,69,14.060599195067933
terminal_y,terminal,0.00014,plastic_kinematic_x0.5,constitutive_to_constitutive,63,63,14.060312538367281
terminal_y,terminal,0.00014,plastic_kinematic_x0.5,full_to_constitutive,69,63,14.060553374451924
terminal_y,terminal,0.00014,plastic_kinematic_x0.5,constitutive_to_full,63,69,14.060358358983036
terminal_y,terminal,0.00014,plastic_kinematic_x0.5,mechanical_to_mechanical,6,6,5.592524703698565
terminal_y,terminal,0.00014,plastic_kinematic_x0.5,mechanical_to_constitutive,6,63,10.241309550228308
terminal_y,terminal,0.00014,plastic_kinematic_x0.5,constitutive_to_temperature,63,1,9.636461031880806
terminal_y,terminal,0.00014,plastic_kinematic_x2,full_to_full,69,69,12.676074423122028
terminal_y,terminal,0.00014,plastic_kinematic_x2,constitutive_to_constitutive,63,63,12.675102539111382
terminal_y,terminal,0.00014,plastic_kinematic_x2,full_to_constitutive,69,63,12.675343371599547
terminal_y,terminal,0.00014,plastic_kinematic_x2,constitutive_to_full,63,69,12.675833590629848
terminal_y,terminal,0.00014,plastic_kinematic_x2,mechanical_to_mechanical,6,6,5.592524703698565
terminal_y,terminal,0.00014,plastic_kinematic_x2,mechanical_to_constitutive,6,63,8.856092082469011
terminal_y,terminal,0.00014,plastic_kinematic_x2,constitutive_to_temperature,63,1,9.636468595131422
terminal_y,terminal,0.00014,all_constitutive_x0.5,full_to_full,69,69,13.368390862880272
terminal_y,terminal,0.00014,all_constitutive_x0.5,constitutive_to_constitutive,63,63,13.367382415788443
terminal_y,terminal,0.00014,all_constitutive_x0.5,full_to_constitutive,69,63,13.368345062011056
terminal_y,terminal,0.00014,all_constitutive_x0.5,constitutive_to_full,63,69,13.36742821665664
terminal_y,terminal,0.00014,all_constitutive_x0.5,mechanical_to_mechanical,6,6,5.592524703698565
terminal_y,terminal,0.00014,all_constitutive_x0.5,mechanical_to_constitutive,6,63,10.241525114532248
terminal_y,terminal,0.00014,all_constitutive_x0.5,constitutive_to_temperature,63,1,9.636462544540082
terminal_y,terminal,0.00014,all_constitutive_x2,full_to_full,69,69,13.368174946421483
terminal_y,terminal,0.00014,all_constitutive_x2,constitutive_to_constitutive,63,63,13.367382415788443
terminal_y,terminal,0.00014,all_constitutive_x2,full_to_constitutive,69,63,13.367442635505968
terminal_y,terminal,0.00014,all_constitutive_x2,constitutive_to_full,63,69,13.368114726702938
terminal_y,terminal,0.00014,all_constitutive_x2,mechanical_to_mechanical,6,6,5.592524703698565
terminal_y,terminal,0.00014,all_constitutive_x2,mechanical_to_constitutive,6,63,8.855230753412357
terminal_y,terminal,0.00014,all_constitutive_x2,constitutive_to_temperature,63,1,9.636462544540082
