branch_id,time_s,spectral_abscissa_s_inv,numerical_abscissa_s_inv,dominant_frequency_s_inv,dominant_mode_condition_number,dominant_right_constitutive_fraction,dominant_left_constitutive_fraction,adjacent_leader_rotation_deg,adjacent_commutator
onset_x,5e-07,7.014883248746558e-08,105135373948.58408,4.3384776450164194e-14,611.8241863129471,0.9999657531681081,1.0,0.0,0.0
onset_x,5.3125e-07,2.8234127825835183e-07,105135994551.26102,1.1238413771898031e-13,605.2903299905288,0.9999657531905956,0.9999999999999998,0.003324637662029823,5.715769217710799e-11
onset_x,5.625e-07,1.0365271807984057e-06,105136626653.7857,2.9864612390458817e-14,599.7019358788029,0.9999657531651421,1.0,0.004071919972431526,5.716121603025688e-11
onset_x,5.9375e-07,3.5433387219336312e-06,105137270256.11732,3.553333197575675e-14,594.8980276954956,0.9999657531544252,1.0,0.0038749994346269664,5.71648228730447e-11
onset_x,6.25e-07,1.1433519147292262e-05,105137925358.2149,1.1388514607824098e-13,590.7187337318836,0.999965753136928,1.0,0.003529352792353167,5.716851289017335e-11
onset_x,6.562500000000001e-07,3.515851720227897e-05,105138591960.03654,7.840003316789455e-14,587.0421094007245,0.9999657531130753,1.0,0.0031943268666178443,5.717228579407146e-11
onset_x,6.875e-07,0.00010375702386612284,105139270061.54027,8.36315247490319e-15,583.7770495844723,0.999965753082616,1.0,0.0028973540494360702,5.717614177830298e-11
onset_x,7.1875e-07,0.00029544065464888957,105139959662.69211,3.075512328138881e-13,580.8544303225673,0.9999657530461562,0.9999999999999998,0.002638507994228467,5.718008063503378e-11
onset_x,7.5e-07,0.0008151122111193889,105140660763.42232,1.5172250534285993e-13,578.2205543063233,0.9999657530031554,1.0,0.0024128406070181518,5.7184102583799674e-11
onset_x,7.8125e-07,0.002186388957800083,105141373363.7137,9.1301058766679e-13,1301.8961839390577,0.999965752954829,0.9999999999999998,0.0022152027216666677,5.718820791250565e-11
onset_x,8.125000000000001e-07,0.0057174436003829,105142097463.52156,5.605133133178733e-13,657.6090198006738,0.9999657528988832,1.0,0.0020411728147860454,5.719239963646924e-11
onset_x,8.437500000000001e-07,0.014609633151627681,105142833062.78241,2.2734708400779483e-13,582.3166959840819,0.9999657528363122,1.0,0.0018871190490998384,5.7196695234269827e-11
onset_x,8.750000000000001e-07,0.036549423438088036,105143580161.45773,5.806650390832929e-14,571.5781350987273,0.9999657527670975,1.0,0.001750078332016049,5.7201195011171325e-11
onset_x,9.062500000000001e-07,0.08966882531666402,105144338759.49356,6.369680987336584e-13,572.034588560057,0.9999657526912868,1.0000000000000004,0.0016276334164565273,5.72064533564706e-11
onset_x,9.375000000000001e-07,0.2160417640064902,105145108856.82054,6.404486311041705e-14,566.5880329455254,0.9999657526088114,1.0,0.0015178966947868196,5.721543352712209e-11
onset_x,9.6875e-07,0.5118030487482449,105145890453.37099,5.235686091653881e-13,565.1643778955171,0.9999657525197423,1.0000000000000004,0.0014199200350427691,5.724349072429196e-11
onset_x,1e-06,1.1934466268857107,105146683548.92831,5.870248179841379e-13,564.0711457788963,0.999965752424015,1.0,0.0013365572152110366,5.736783108735893e-11
onset_x,1.0625e-06,6.211553595746697,105148304234.38019,2.9184522167176582e-12,561.3295974803216,0.9999657522125829,1.0,0.0026537814812188578,1.1822335915959924e-10
onset_x,1.125e-06,30.654156118716475,105149970910.15822,3.531472384715832e-13,559.1737563711238,0.9999657519720601,1.0000000000000004,0.0059637819963394775,1.8111825154481307e-10
onset_x,1.1875e-06,144.18639354266094,105151683528.21187,4.043725849938499e-14,557.2522029697819,0.9999657516507287,1.0,0.02666859032071888,6.456454927567461e-10
onset_x,1.25e-06,649.4231466183887,105153441903.5109,1.6520613068069566e-12,555.4323968026565,0.9999657501952447,0.9999999999999996,0.11198060668725747,2.7599875223469742e-09
onset_x,1.3125000000000001e-06,2812.7881827848014,105155245221.12836,1.0001166561579566e-12,552.9524649902186,0.999965726478042,0.9999999999999916,0.34135507638965706,1.150180029968283e-08
onset_x,1.375e-06,11718.143252882484,105157089977.12622,1.813445445844227e-12,548.802786941571,0.9999652914300632,0.999999999999853,0.5317185936576595,4.614996249626987e-08
onset_x,1.4375e-06,46698.29432789427,105158961941.7557,9.529122622766337e-11,545.4719469941139,0.9999583064060334,0.9999999999973379,0.3917923632642975,1.777327271495278e-07
onset_x,1.5e-06,175866.81404038702,105160805602.32224,8.588573369134804e-11,544.0861246485609,0.9998599394464462,0.999999999878322,0.46823998795221916,6.479362547864381e-07
onset_x,1.5625e-06,597423.991496068,105162418514.85753,3.380741608174645e-11,543.7127269091719,0.9987460832719366,0.999999987494596,1.4152248106041323,2.121297094990576e-06
onset_x,1.6250000000000001e-06,1573320.6794181583,105163157344.29776,2.7575643327581348e-11,544.2728981554197,0.9915756108834749,0.999999348651378,3.254739283418595,5.22018651925718e-06
onset_x,1.6875000000000001e-06,2609835.479843767,105162112445.22865,4.197572290893962e-12,545.0916280951393,0.9772555542453938,0.9999934136636938,3.4121018851596983,7.058114346420258e-06
onset_x,1.7500000000000002e-06,2798070.97576682,105159320230.16254,1.254409304947595e-11,544.0639639114327,0.9739600226634371,0.9999867846635049,0.6128135597315517,4.31508766002176e-06
onset_x,1.8125000000000002e-06,2447547.0823301524,105155760261.2586,9.597262187970709e-12,542.6474185472063,0.9799284268749933,0.9999882451095266,1.1425211712930758,1.6716966394107045e-06
onset_x,1.8750000000000003e-06,2042902.6556881482,105152127612.66399,4.8921416599088067e-11,541.8894140458003,0.9859090380271336,0.9999917505623973,1.328739842999529,1.2041213871474987e-06
onset_x,1.9375e-06,1729987.8558871415,105148679807.4626,5.997477064317979e-11,541.6063808868618,0.9898395357163273,0.9999941755282632,1.0337275163432684,9.536912252469354e-07
onset_x,2e-06,1495399.3802504607,105145431696.83377,1.930203461621044e-11,541.5811074836556,0.9923773761926185,0.9999957104395629,0.7780166132721565,7.213650704756075e-07
onset_x,2.1875000000000002e-06,1053892.1395256966,105136674525.32303,1.2671391956401384e-10,542.342982982127,0.996180111439421,0.9999979209596245,1.470127887572595,1.3559022300857878e-06
onset_x,2.375e-06,795101.9087640792,105129093513.31194,2.5066188006707055e-11,544.1066543305826,0.9978069608581163,0.9999988487597444,0.8646260457578995,8.553001668421374e-07
onset_x,2.5625e-06,637221.6766876115,105122575602.01021,1.932665254933686e-10,546.8876271208071,0.9985779591017877,0.9999992549626469,0.5283811819505709,4.624036332299413e-07
onset_x,2.75e-06,524611.4669625955,105116984820.36252,4.0256327326043873e-11,551.0199610419369,0.9990246843830403,0.9999994907504055,0.377299206433628,3.2844659776896255e-07
onset_x,2.9375000000000003e-06,439824.8209610218,105112273327.1976,2.271196247036203e-10,556.8854698290112,0.9993041353265203,0.9999996387859096,0.284359560026158,2.4533090200058914e-07
onset_x,3.125e-06,373159.3369819827,105108409504.07164,2.7910891381016217e-10,564.9947335179679,0.9994894611534059,0.9999997376528674,0.22382056311386783,1.914239569475496e-07
onset_x,3.3125e-06,318891.2238181844,105105371732.66516,2.145434015672927e-10,576.0401396578,0.9996179302446656,0.9999998068129075,0.18242875531348074,1.5469782011704233e-07
onset_x,3.5000000000000004e-06,273408.136227423,105103144492.74605,1.1874001463209458e-09,590.9952855069416,0.9997101049828088,0.9999998569225612,0.1531486168426463,1.2877293133908118e-07
onset_x,3.6875000000000007e-06,234302.78759588028,105101716209.69333,8.41756621964171e-10,611.2930881562032,0.9997780461745673,0.9999998941919234,0.13197460743646258,1.0997892382899074e-07
onset_x,3.875000000000001e-06,199890.31316084517,105101078021.83798,4.187182527922507e-10,639.1645460678745,0.9998291792375782,0.9999999224245362,0.1165296999412148,9.60749711766298e-08
onset_x,4.0625000000000005e-06,168929.19387900896,105101222953.43562,3.5873976012007536e-10,678.3394296370648,0.999868256407186,0.9999999440503012,0.10540861937543734,8.562462620113513e-08
onset_x,4.25e-06,140440.82922086903,105102145417.36726,1.965517904684933e-10,735.6727385494302,0.9998984140913898,0.9999999606856255,0.0979077465105866,7.766944519926566e-08
onset_x,4.4374999999999994e-06,113562.8888232468,105103840874.20076,4.424519897162461e-09,825.5924040542153,0.9999217713005283,0.9999999734595211,0.094101327300574,7.154870887628731e-08
onset_x,4.625e-06,87354.07660797205,105106305547.9097,4.780211781962862e-10,985.7949889717148,0.9999397831221847,0.999999983226718,0.09577256859897289,6.679504070599927e-08
onset_x,4.8125e-06,60238.74191592641,105109536301.22948,1.2648911251744721e-08,1366.5743871029042,0.9999534685127731,0.999999990769852,0.11230513994243925,6.307111735513517e-08
onset_x,5e-06,23726.60282697531,105113530477.2986,8.822414755546467e-08,6027.086922965749,0.9999639447292524,0.9999999977954024,0.2876868802536642,6.012978561199336e-08
onset_x,5.3125e-06,2214.141107675308,105121864858.18213,7.386061109047495e-11,1190.2105433293293,0.9999658688295606,0.9999999999989979,1.4405848609477008,9.714964516723858e-08
onset_x,5.625e-06,507.65024376820867,105132316331.68498,5.5458656796639296e-11,2030.3628516648164,0.999965932074725,0.9999999999999984,0.9151503138865955,9.106578137080689e-08
onset_x,5.9375e-06,10.532098174120527,105144866902.36203,1.210576941436333e-10,105928.32303929172,0.9999992282262914,1.0000000000000004,51.14638818595208,8.780450135064161e-08
onset_x,6.25e-06,10.294429337770332,105159511085.41513,2.837228507328158e-10,113333.12070046908,0.9999994116283832,1.0,0.7742055566285279,8.542110935996679e-08
onset_x,6.5625e-06,9.993411473776794,105176244433.43925,8.724279998241145e-11,121753.15849918775,0.9999995526923099,1.0,0.6818689425166201,8.364843476702225e-08
onset_x,6.875e-06,9.71053255172132,105195063306.44939,1.7778716489411572e-11,130174.52562871615,0.9999996555585021,1.0,0.5680458779102022,8.230084522847203e-08
onset_x,7.187500000000001e-06,9.452012476899897,105215964676.64983,1.3545432540289521e-11,138462.48574771362,0.999999731251452,1.0,0.47451663093411456,8.125406199875606e-08
onset_x,7.500000000000001e-06,9.216916831188005,105238946032.81088,1.3144062344441586e-12,146572.13084808787,0.9999997877363106,1.0,0.39949534561103145,8.042342245037327e-08
onset_x,7.8125e-06,9.003091588537389,105264005261.80104,8.533317695820231e-12,154481.53368482247,0.9999998304822034,1.0,0.3391299393164578,7.975036568370622e-08
onset_x,8.125000000000001e-06,8.808291787455433,105291140583.81516,1.692988905078753e-11,162177.67778596116,0.99999986325722,1.0,0.2901618255801,7.919371638676605e-08
onset_x,8.4375e-06,8.630454887964374,105320350487.86975,2.471706906026115e-11,169652.04262131362,0.9999998886911396,1.0000000000000004,0.25008055161582166,7.872405020668928e-08
onset_x,8.750000000000001e-06,8.46775613508379,105351633696.41876,1.0395547013782982e-11,176898.81601070001,0.9999999086464523,1.0,0.21698368684608693,7.832009350210301e-08
onset_x,9.062500000000002e-06,8.318597023596993,105384989144.27357,1.687758373832208e-11,183914.0228864946,0.9999999244614829,1.0,0.1894267340865936,7.7968800325071e-08
onset_x,9.375e-06,8.181589598884301,105420415897.36365,6.093663751212471e-11,190695.06996407776,0.9999999371112026,1.0,0.16630480580612467,7.765697700609635e-08
onset_x,9.6875e-06,8.055535085930178,105457913171.60953,1.2963323052651891e-11,197240.4730967765,0.9999999473150316,1.0,0.14676489647129867,7.737155246338442e-08
onset_x,1e-05,7.939381638052914,105497480294.89977,9.0382238766768e-12,203549.60129657935,0.9999999556101913,1.0,0.13014259186801738,7.710920538770255e-08
onset_x,1.0625e-05,7.671600870081836,105582965633.07156,1.4368790332941087e-11,215204.1290026179,0.9999999680215457,1.0,0.21997944813462292,2.2823384350508185e-07
onset_x,1.125e-05,7.4959508446259315,105676595348.7968,8.075504866600693e-12,226160.67483459707,0.9999999765327462,1.0,0.1768862537800684,1.517838699663771e-07
onset_x,1.1875e-05,7.345332683112302,105778496548.51556,8.838355279784968e-12,236197.35753791573,0.9999999825137807,0.9999999999999998,0.14450888964854525,1.5093960768538804e-07
onset_x,1.25e-05,7.215998512232221,105888667567.33482,2.5370656403832305e-11,245335.1957429499,0.9999999867987843,1.0,0.11949854645306192,1.5013293554896665e-07
onset_x,1.3125e-05,7.104946611358204,106007107383.7552,3.512470563091374e-11,253599.56534028545,0.9999999899210197,1.0,0.0998814061500294,1.493460501932042e-07
onset_x,1.375e-05,7.009744638028523,106133815426.08269,1.2150809556602885e-11,261019.1456398682,0.9999999922300808,1.0,0.0842845568760524,1.4856773092345764e-07
onset_x,1.4375000000000002e-05,6.848538518655434,106269106645.33122,5.360191839558406e-12,267168.61187124904,0.9999999939676976,1.0,0.07205164627982477,2.692344630522617e-07
onset_x,1.5000000000000002e-05,6.7831749970739486,106412356236.80185,2.6690163304652288e-11,273002.20757558435,0.9999999952778595,1.0,0.06148881811817928,1.4357681350832506e-07
onset_x,1.5625e-05,6.7284441260822705,106563873206.13141,2.244883835478142e-11,278091.1282288908,0.9999999962813806,1.0,0.053104739862370305,1.4287967082756693e-07
onset_x,1.6250000000000002e-05,6.683227750273933,106723658053.9466,3.964131292216848e-12,282470.1485078906,0.9999999970571087,1.0,0.04615545603089223,1.4216622117068517e-07
onset_x,1.6875e-05,6.646570523641768,106891711473.88538,7.503316122638736e-13,286174.3688334002,0.9999999976616476,1.0,0.04034841384984677,1.4144090820605753e-07
onset_x,1.7500000000000002e-05,6.617657415256834,107068034282.6867,1.062501352736764e-11,289238.95995753474,0.999999998136176,0.9999999999999998,0.035459728934864494,1.407025961658449e-07
onset_x,1.8125000000000003e-05,6.595789619051464,107252627361.48001,1.9412086084833566e-11,291698.90119241143,0.999999998511018,1.0,0.031315957384460066,1.399505482758948e-07
onset_x,1.875e-05,6.580363471659387,107445491675.97455,1.897490647984993e-11,293588.75664092624,0.9999999988087536,0.9999999999999998,0.027781468834337485,1.3918430456518313e-07
onset_x,1.9375e-05,6.570856612981078,107646628221.42941,2.841700323137017e-11,294942.49026983255,0.9999999990463684,0.9999999999999998,0.024748981726635418,1.38403620106801e-07
onset_x,2e-05,6.566812449520889,107856038029.67381,7.419220423156938e-11,295793.3244413506,0.9999999992367621,0.9999999999999998,0.022133186284252083,1.3760841821512983e-07
onset_x,2.1875e-05,6.653444643843884,108533434423.7045,1.3035142481121515e-11,296086.57843845914,0.9999999996118376,1.0,0.053768063157969545,4.064658206325676e-07
onset_x,2.375e-05,6.704330794811227,109285791131.40929,9.116835222014408e-13,292482.8161925725,0.9999999998100946,1.0,0.040091141236755216,4.0665342216865154e-07
onset_x,2.5625e-05,6.7869685232247665,110112677589.71977,1.805042539184754e-11,286182.5114797539,0.9999999999133857,1.0,0.03050580715147568,3.982126131077023e-07
onset_x,2.75e-05,6.896990729628037,111014120073.62857,8.184818958928506e-12,277820.31123358296,0.9999999999643363,1.0000000000000004,0.023675025950179937,3.8946607944994805e-07
onset_x,2.9375000000000003e-05,7.031185030957962,111990142880.34949,9.562392034884876e-11,267937.9657232605,0.9999999999856917,1.0000000000000004,0.018683860463889763,3.8045269266716346e-07
onset_x,3.125e-05,7.187142969398224,113040768084.17609,5.519625568780641e-12,256990.36094787216,0.9999999999900127,1.0000000000000004,0.014958905652639944,3.7121262645886236e-07
onset_x,3.3125000000000006e-05,7.363032910021137,114166015465.35916,3.8463951503260725e-11,245353.6002308218,0.9999999999844242,1.0,0.012129085800254139,3.617861550778097e-07
onset_x,3.5e-05,7.557436733001918,115365902567.8685,2.344227234747122e-11,233333.98015873067,0.9999999999730513,1.0,0.00994818094333941,3.5221292620842276e-07
onset_x,3.6875e-05,7.769245237607492,116640444755.11267,9.705952513797825e-11,221177.05285504038,0.9999999999583162,1.0,0.008248981552011387,3.4253136584753795e-07
onset_x,3.875e-05,7.997584982943373,117989655316.15982,1.8794248682297773e-11,209076.32132095296,0.999999999941648,1.0,0.006915981818733934,3.327783840855474e-07
onset_x,4.0625e-05,8.241754010907092,119413545630.99492,1.1758923670267623e-10,197181.29015639843,0.9999999999238902,1.0,0.0058687522965948855,3.229890477599901e-07
onset_x,4.2499999999999996e-05,8.501188168851487,120912125267.18643,2.2426336072690824e-10,185604.7057189767,0.9999999999055318,1.0,0.0050503429770965376,3.1319642241823323e-07
onset_x,4.4374999999999994e-05,8.775426059364202,122485402126.58745,6.473343832269409e-11,174428.958071947,0.9999999998868461,1.0,0.004420174910849668,3.0343139940691696e-07
onset_x,4.625e-05,9.064087320254805,124133382629.40637,1.0185880876252235e-10,163711.64206683578,0.9999999998679745,1.0000000000000004,0.0039483498673543675,2.937226172778198e-07
onset_x,4.8125000000000004e-05,9.36685716208729,125856071764.58177,1.8228134300091788e-10,153490.3270647156,0.9999999998489784,1.0,0.003611412064454195,2.840964006899555e-07
onset_x,5e-05,9.68346586340642,127653473268.88512,1.5058871561148387e-10,143786.60164883974,0.9999999998298676,1.0,0.003389437504336977,2.745767309221024e-07
onset_x,5.3125e-05,10.136719890703302,130816539242.3174,3.082312713170634e-11,128641.83570321351,0.9999999997973934,1.0,0.00546575126242678,4.742493259339141e-07
onset_x,5.625e-05,10.74273866300622,134185658816.2807,3.7943680196109665e-11,115122.26816667886,0.9999999997647,1.0,0.005377341543450739,4.03524709104098e-07
onset_x,5.9375e-05,11.38535351227858,137762310817.57755,5.581216156214199e-10,102976.76443761788,0.9999999997312079,1.0,0.005586215002748394,3.802254185378987e-07
onset_x,6.25e-05,12.063970525468168,141546489254.33868,6.156625587485677e-10,92116.9393823495,0.9999999996966642,1.0000000000000004,0.005932133328804575,3.576851345383993e-07
onset_x,6.5625e-05,12.7780338596382,145538183206.0494,4.1408510133159396e-10,82439.87920553728,0.9999999996608226,0.9999999999999998,0.006360669879132329,3.3599202388490624e-07
onset_x,6.875e-05,13.52699696869808,149737377634.6021,7.52846407684644e-11,73837.51785144937,0.9999999996234474,1.0000000000000004,0.006839776459958896,3.1521083820538013e-07
onset_x,7.1875e-05,14.31030659322196,154144054104.85788,2.4632904679391094e-10,66202.73985966165,0.9999999995843203,1.0000000000000004,0.007351286988849029,2.9538550100560983e-07
onset_x,7.5e-05,15.127388347398675,158758191363.93173,2.2019877523548826e-10,59433.16039955219,0.9999999995432365,1.0,0.007885108410261866,2.765417335253351e-07
onset_x,7.8125e-05,15.977638151214249,163579765882.2841,4.265745000975208e-11,53433.29165631958,0.9999999995000064,1.0,0.008435646953838853,2.586896717648347e-07
onset_x,8.125e-05,16.860415947101757,168608752298.02902,1.2961854539120766e-11,48115.613006589716,0.999999999454452,1.0,0.008999795349553323,2.4182637255392636e-07
onset_x,8.4375e-05,17.77506223652131,173845123538.52283,2.1457472042573507e-11,43400.91679386518,0.9999999994064068,1.0,0.009575770586349917,2.259365282275716e-07
onset_x,8.75e-05,18.72084861872318,179288851807.862,1.1446641817063573e-10,39218.177429194875,0.9999999993557156,1.0,0.010162517216578891,2.1100104625918462e-07
onset_x,9.0625e-05,19.696994765402955,184939908617.71866,1.0792911577339935e-10,35504.15665123878,0.9999999993022313,1.0,0.01075940617872477,1.9699103095611766e-07
onset_x,9.375e-05,20.702710384875616,190798264559.5938,1.5478190554280669e-10,32202.84466440883,0.9999999992458157,1.0,0.011365870141927071,1.8387017285810463e-07
onset_x,9.6875e-05,21.73716763378605,196863889821.87677,2.3017032179994516e-10,29264.822507269626,0.9999999991863389,1.0000000000000004,0.011981572862348746,1.716006137297579e-07
onset_x,0.0001,22.79951662313613,203136754337.3463,1.3768206708997457e-10,26646.607702986596,0.9999999991236772,1.0,0.012606096946272355,1.601420608847685e-07
onset_x,0.0001025,23.702559774300244,208303804259.6613,4.6432143909075905e-11,24758.247116737544,0.999999999071238,1.0,0.010534599627837793,1.1863347010562736e-07
onset_x,0.000105,24.58739624217141,213603906605.75403,2.1478812929479253e-10,23030.55427785586,0.9999999990165616,1.0,0.010950089884759609,1.1423830703336235e-07
onset_x,0.0001075,25.488743632818046,219036590315.32098,4.9019338200819156e-11,21450.088360364614,0.9999999989596602,1.0000000000000004,0.01136344805448176,1.0808988637075112e-07
onset_x,0.00011,26.406356014969422,224601837551.51025,3.0413583129262727e-10,20002.782595562698,0.9999999989004802,1.0,0.011780778160357733,1.022762034067382e-07
onset_x,0.0001125,27.339280133734725,230299639732.09686,9.614776084301065e-11,18675.956483045713,0.9999999988389674,1.0,0.012202139576320277,9.681742096134452e-08
onset_x,0.00011499999999999999,28.28711247619652,236129981708.45477,2.2660561383404582e-10,17458.213770898572,0.9999999987750694,0.9999999999999998,0.012627387499771525,9.16655517082507e-08
onset_x,0.00011750000000000001,29.249476118372133,242092848457.90472,7.396172404013762e-10,16339.286876238146,0.9999999987087307,0.9999999999999998,0.013056746499262613,8.680461020834748e-08
onset_x,0.00011999999999999999,30.226053169482746,248188225141.14825,7.707398617085411e-10,15309.914925911977,0.9999999986398953,1.0,0.013490366809809732,8.221910559096411e-08
onset_x,0.0001225,31.216596847633692,254416097055.73315,1.9830459468934232e-10,14361.732643814332,0.9999999985684995,1.0,0.013928727739438576,7.789409503410056e-08
onset_x,0.000125,32.22096495905928,260776449683.33456,3.299238447487531e-10,13487.167467081907,0.999999998494473,1.0,0.014372562635951866,7.381520693898166e-08
onset_x,0.00012749999999999998,33.23916475229054,267269268690.14267,4.741681298566446e-11,12679.343979553,0.9999999984177301,1.0,0.014822992889648364,6.996867622315467e-08
onset_x,0.00013,34.27141393990572,273894539930.17578,3.459663891632568e-10,11931.99289331363,0.9999999983381656,0.9999999999999998,0.015281764180689151,6.634133915756407e-08
onset_x,0.0001325,35.318234599543416,280652249467.4639,3.0668490487504967e-10,11239.361816948714,0.9999999982556433,1.0,0.01575149275820575,6.292065225395721e-08
onset_x,0.00013499999999999997,36.38058810880813,287542383578.17413,1.2677512220275636e-10,10596.123344672991,0.999999998169979,1.0000000000000004,0.01623622026427809,5.969467802320631e-08
onset_x,0.0001375,37.46009314356703,294564928707.02216,1.0500587616013429e-10,9997.273579574903,0.9999999980809164,1.0,0.016742092896030097,5.665208412121169e-08
onset_x,0.00014,38.55937159472837,301719871546.52386,1.688116258641067e-10,9438.00915946128,0.999999997988086,1.0,0.017278739924622557,5.3782130738460946e-08
onset_y,5e-07,7.064102202479962e-08,472894766535.97626,4.890889282415469e-18,607.3167651078328,0.999992385774376,1.0000000000000004,0.0,0.0
onset_y,5.3125e-07,2.841294104677607e-07,472899209430.32886,1.9326180869953265e-16,601.2821708024012,0.9999923857968084,1.0,0.003303026911845051,5.850068959998374e-11
onset_y,5.625e-07,1.0425558749415396e-06,472903816391.5299,5.902548631638655e-16,596.0673725970397,0.9999923858190223,1.0,0.004045724415977468,5.850044984868338e-11
onset_y,5.9375e-07,3.562494322203512e-06,472908587418.137,2.1831187817941663e-16,591.5572814152042,0.9999923858413198,1.0,0.0038522345453543888,5.850020167197605e-11
onset_y,6.25e-07,1.1491464601106011e-05,472913522508.65643,3.7004405548762014e-15,587.6174789556865,0.9999923858637269,1.0,0.0035101255430223383,5.849994506948943e-11
onset_y,6.562500000000001e-07,3.532663273297736e-05,472918621661.54755,6.924590980662896e-14,584.1414511842175,0.9999923858862565,1.0000000000000004,0.003177940942378944,5.849968004375743e-11
onset_y,6.875e-07,0.00010422743843097134,472923884875.22,4.818668588413887e-14,581.0480347784444,0.9999923859088314,1.0,0.002883139373263649,5.849940657655441e-11
onset_y,7.1875e-07,0.0002967156713382329,472929312148.2188,2.9781050191290086e-13,578.2748395028576,0.9999923859314996,0.9999999999999998,0.0026259504256497274,5.84991272891714e-11
onset_y,7.5e-07,0.0008184711850844527,472934903478.3073,1.6223985120101726e-13,575.7729173320641,0.9999923859542095,1.0,0.0024015563045176676,5.849883177390109e-11
onset_y,7.8125e-07,0.0021950140592177773,472940658864.2981,1.4873221153504371e-12,3456.8541992856844,0.9999923859772147,1.0000000000000004,0.0022049021375962776,5.849853563477666e-11
onset_y,8.125000000000001e-07,0.005739080178369767,472946578304.4221,3.9491451087348205e-12,607.2855516025774,0.9999923860000202,0.9999999999999998,0.00203163489637002,5.849823120995492e-11
onset_y,8.437500000000001e-07,0.014662760180867823,472952661796.4495,3.258588783139658e-12,574.328081436234,0.9999923860228369,1.0,0.001878170264419624,5.849791395640044e-11
onset_y,8.750000000000001e-07,0.03667731764629688,472958909338.68274,2.3534251514204444e-12,579.1135361425116,0.999992386045664,1.0,0.0017415770736809641,5.849759570140956e-11
onset_y,9.062500000000001e-07,0.08997109397730986,472965320929.16943,2.366573694940137e-12,569.4583202103678,0.9999923860685116,1.0,0.0016194474756434753,5.849729570055959e-11
onset_y,9.375000000000001e-07,0.21674394143898051,472971896565.65735,1.1272014174237141e-12,566.8175067032955,0.9999923860913641,1.0000000000000004,0.0015097999039865367,5.849712780037285e-11
onset_y,9.6875e-07,0.5134078595072431,472978636246.4276,8.59457319720564e-13,563.4101805709142,0.9999923861142375,1.0000000000000004,0.0014110158741070453,5.849769978601482e-11
onset_y,1e-06,1.1970575954179297,472985539968.1729,6.442855692866122e-13,562.8804881674852,0.9999923861371179,1.0,0.0013219231322240648,5.850200259332604e-11
onset_y,1.0625e-06,6.229007779325675,472999839522.6273,2.761664137266676e-13,559.7350287919568,0.999992386182895,1.0,0.002419120885024378,1.1713904305902357e-10
onset_y,1.125e-06,30.732557909521915,473014795175.0152,1.0687126283719788e-12,557.6805170203951,0.9999923862280522,1.0000000000000004,0.002473736174264076,1.2022499136157279e-10
onset_y,1.1875e-06,144.48902426195997,473030406734.0623,6.26593575418529e-12,555.8675442455848,0.9999923862588741,1.0,0.006368807424960855,1.709532967249042e-10
onset_y,1.25e-06,650.0024315298515,473046673378.22455,5.473638862050857e-13,554.245474070623,0.9999923860017357,1.0,0.027775548522929374,5.503130804800089e-10
onset_y,1.3125000000000001e-06,2807.9460671049324,473063591535.7361,1.1659038330869198e-12,552.7046002552296,0.9999923804138804,0.9999999999999982,0.11216456762257486,2.2324238001337113e-09
onset_y,1.375e-06,11678.694094185203,473081146082.01,1.48010692721972e-13,550.6306082434761,0.9999922831194377,0.9999999999999676,0.3363462962829222,8.893446749374069e-09
onset_y,1.4375e-06,46633.23176147355,473099275281.171,2.110973271341116e-13,547.1400218988576,0.9999907337378132,0.9999999999994105,0.5412287820436916,3.4055185534215235e-08
onset_y,1.5e-06,175975.2455699695,473117737645.77167,1.3821790878060112e-15,544.2256176780273,0.9999688296132992,0.9999999999728961,0.44974072775591956,1.2361413968831675e-07
onset_y,1.5625e-06,598357.2845223688,473135644533.74725,2.850151766341362e-14,543.0509154657351,0.9997201094368761,0.9999999972028721,0.6946687221913453,4.050860284695216e-07
onset_y,1.6250000000000001e-06,1578837.676103125,473150113244.5576,2.4235212677819276e-14,542.8003653345196,0.9981003154786464,0.999999853066024,1.5501854980000465,1.0158091208411991e-06
onset_y,1.6875000000000001e-06,2631081.0905342586,473156870294.884,1.5675324150690443e-14,542.7267732563615,0.9947579391672413,0.9999984844788969,1.656344159160769,1.447892579354466e-06
onset_y,1.7500000000000002e-06,2829519.251946375,473155707596.0876,1.854198263549245e-12,542.1633076867691,0.993944187583717,0.999996920841441,0.31152555420976474,9.516553317740425e-07
onset_y,1.8125000000000002e-06,2475141.1527225976,473150701160.6311,3.942560339648282e-12,541.4711677372535,0.9953568088332639,0.999997262700618,0.5564718380706845,3.0996309696445507e-07
onset_y,1.8750000000000003e-06,2064379.7033717982,473144813686.77594,2.007294733358458e-11,540.9455809101155,0.9967625282579662,0.9999980861126712,0.6461500351161213,1.2600698057715944e-07
onset_y,1.9375e-06,1747391.015889854,473139212851.74133,7.483325463874796e-12,540.5563723148787,0.9976758373509932,0.9999986517907059,0.49938206099724264,1.0893024512634305e-07
onset_y,2e-06,1510308.121293692,473134007272.7463,2.739738769566097e-12,540.2491294221657,0.9982606289916437,0.999999007785988,0.373886099271689,8.523036936675971e-08
onset_y,2.1875000000000002e-06,1065774.4458813823,473120051464.7734,2.4390937264093837e-12,539.607925218703,0.9991291452428639,0.9999995169818491,0.7019463118853498,1.6201143179440492e-07
onset_y,2.375e-06,806597.085257661,473107399462.1687,2.3818063234370826e-11,539.2632000443033,0.9994977197804338,0.9999997293776691,0.4100217623370832,1.1955077661116698e-07
onset_y,2.5625e-06,649817.9877497756,473095886939.18994,4.0078100801665613e-11,539.0950575127579,0.9996712551676841,0.9999998213938925,0.24861982872846372,5.0467830487105835e-08
onset_y,2.75e-06,539081.0710378706,473084909495.7793,3.1915393611775674e-11,539.0961114484974,0.9997713469368872,0.9999998744037693,0.17620862036788063,3.604499323107017e-08
onset_y,2.9375000000000003e-06,456805.66343911993,473074318790.0586,2.939703313509381e-11,539.2416513635716,0.999833653231092,0.9999999073686124,0.13159074009750069,2.6676697016349394e-08
onset_y,3.125e-06,393236.077485577,473064015954.242,1.529850902751595e-10,539.5133726155046,0.9998747495677517,0.9999999291366403,0.10243133652556566,2.055378366783682e-08
onset_y,3.3125e-06,342636.0188822374,473053935540.4941,7.666021147534753e-11,539.8963042968634,0.9999030707444045,0.9999999441729542,0.08239310214934721,1.633057164230963e-08
onset_y,3.5000000000000004e-06,301404.1969666925,473044031890.3865,5.337305433997525e-11,540.3783234009837,0.9999232700891875,0.9999999549280362,0.06811204882644663,1.3300515524484049e-08
onset_y,3.6875000000000007e-06,267163.2350099145,473034271882.495,1.5053394083339374e-10,540.9500519170934,0.9999380797982184,0.9999999628357213,0.05766224838337007,1.1057580435219439e-08
onset_y,3.875000000000001e-06,238279.08433023756,473024630790.27936,5.6616970359807155e-11,541.6050293952651,0.9999491861579783,0.9999999687789716,0.04987630707639179,9.355144914332864e-09
onset_y,4.0625000000000005e-06,213590.71705564175,473015089570.49335,1.5081904196294068e-11,542.3401314207794,0.9999576733609269,0.999999973324611,0.044013155265155944,8.036414727477826e-09
onset_y,4.25e-06,192249.956096347,473005633326.58746,2.6373662102491043e-10,543.1561503733302,0.9999642626713027,0.9999999768492059,0.039583857780267157,6.9978445060981484e-09
onset_y,4.4374999999999994e-06,173622.3281529592,472996250210.5981,4.0014406347109425e-10,544.0586874216726,0.9999694479830046,0.9999999796101536,0.03625505408156745,6.168809898987302e-09
onset_y,4.625e-06,157223.3793752345,472986930545.7294,9.657102360183807e-12,545.0594686457933,0.999973575991775,0.9999999817875848,0.03379297956899061,5.49977351453448e-09
onset_y,4.8125e-06,142676.50610179885,472977666428.37756,2.576717103575099e-10,546.1781192566922,0.9999768953525581,0.9999999835099765,0.03202979895048868,4.955117442864123e-09
onset_y,5e-06,129684.18953889239,472968451264.03925,5.494941307526702e-11,547.4448717362626,0.9999795877988493,0.9999999848703119,0.03084312023802559,4.50865535297439e-09
onset_y,5.3125e-06,111220.2333868347,472953237221.5205,1.8483008179526195e-10,549.7983328743426,0.9999829722709555,0.9999999863823479,0.04898404143945,8.310108624265746e-09
onset_y,5.625e-06,95171.19112575104,472938072305.1459,1.0607412170848818e-10,553.1896782567036,0.9999854926537641,0.9999999874241274,0.049933974178891026,6.09485043946284e-09
onset_y,5.9375e-06,81333.73319835607,472922991639.3082,1.1560230550600181e-10,558.1053097092812,0.9999873510308925,0.9999999879699462,0.05147457057109678,5.545640390360095e-09
onset_y,6.25e-06,69233.0673634173,472907982563.1991,8.302230014578527e-10,565.802803314486,0.999988737286627,0.9999999880827106,0.05463235707275779,5.1330326737276205e-09
onset_y,6.5625e-06,58488.38560667367,472893034849.049,1.188251275152652e-09,578.9477325985144,0.9999897813607416,0.9999999877854961,0.059666859476962174,4.828751405147144e-09
onset_y,6.875e-06,48767.722837139656,472878140165.47943,1.5812123971281622e-09,603.8918510791566,0.9999905744808428,0.9999999870949889,0.06731700161158255,4.604832691894348e-09
onset_y,7.187500000000001e-06,39729.3419894308,472863291640.15234,5.629875855319948e-09,658.9687066222245,0.999991182831602,0.9999999861481126,0.07945100119505465,4.440759621374209e-09
onset_y,7.500000000000001e-06,30872.499818888515,472848483545.6521,3.0495645300015887e-09,819.023136477705,0.9999916582614011,0.9999999857583362,0.10179333356313934,4.321362090606018e-09
onset_y,7.8125e-06,20445.019315893936,472833711060.02563,2.3100394144547056e-09,2012.3077934092446,0.999992064863334,0.9999999897878158,0.1700028387077864,4.2353700604275e-09
onset_y,8.125000000000001e-06,12628.717188368722,472818970091.36536,8947.74041098893,1420.3161994721224,0.999992200270657,0.9999999941383864,0.2802638949184739,4.174386292419806e-09
onset_y,8.4375e-06,10435.62691537601,472804257137.2997,12830.846665161936,952.1225123933446,0.9999921743665134,0.9999999940446287,0.1269036168800234,4.132140189291395e-09
onset_y,8.750000000000001e-06,8497.742935733317,472789569184.753,15165.408884668646,790.0000289036594,0.999992152501372,0.9999999942174214,0.09064537052890975,4.1039368192811355e-09
onset_y,9.062500000000002e-06,6777.359831212934,472774903607.5691,16729.654194116232,711.1933782871621,0.9999921344739753,0.999999994531561,1.0018128555082504,4.088761956166514e-09
onset_y,9.375e-06,5244.575584374927,472760258124.69055,17813.592669441106,668.0907940941419,0.999992119934659,0.9999999948998906,0.06152196413264166,4.082482873883409e-09
onset_y,9.6875e-06,3875.098163570578,472745630755.01764,18567.139732757754,643.5745298978717,0.9999921084977742,0.9999999952732737,0.05357465804187667,4.078883067179205e-09
onset_y,1e-05,2648.795544619656,472731019743.44446,19080.49147385244,629.9294089637116,0.9999920997896988,0.9999999956278753,1.350318928342123,4.079612953361566e-09
onset_y,1.0625e-05,449.0495151301255,472701690371.5802,19653.034845827162,611.9505122810385,0.9999920879104234,0.9999999962654436,1.4840296402940127,3.9458733013131e-08
onset_y,1.125e-05,9.386726433689203,472672558085.4118,5.192014130247265e-12,269164.85993182607,0.9999866273507326,1.0,24.526469188679524,8.56170604646437e-09
onset_y,1.1875e-05,9.323533152010933,472643466419.7056,2.1126421001970556e-13,272179.81232912285,0.9999866177616766,1.0,0.05034657386464368,8.583233378405416e-09
onset_y,1.25e-05,9.274268313353888,472614408612.57764,8.049242030368811e-12,274524.9627452079,0.9999866091362607,1.0,0.04490230988357861,8.6089658729488e-09
onset_y,1.3125e-05,9.237340948324794,472585379146.24146,2.4542744253765067e-11,276249.2052066664,0.9999866013257417,1.0,0.040286030632817535,8.63492561722176e-09
onset_y,1.375e-05,9.211441823961616,472556373469.84985,1.99408914295691e-11,277398.6166845544,0.9999865942127532,1.0,0.03632484086533019,8.659245236043985e-09
onset_y,1.4375000000000002e-05,9.08818076540467,472527168381.5325,3.199886135042317e-11,277479.90312980406,0.9999865852455011,1.0,0.047087046343435315,5.302685013208454e-08
onset_y,1.5000000000000002e-05,9.085322768470498,472498207540.2141,3.734134579220171e-11,277629.6970848808,0.9999865793499595,1.0,0.02939731761520242,6.925925656646557e-09
onset_y,1.5625e-05,9.09057252024405,472469260794.6616,1.6191936680343133e-11,277328.0426967057,0.9999865739155214,1.0,0.02675973325198084,6.964043805799938e-09
onset_y,1.6250000000000002e-05,9.103298111712984,472440325965.5261,6.945111152845129e-12,276611.24183283834,0.9999865688890266,1.0,0.024422075186483597,6.992117384871945e-09
onset_y,1.6875e-05,9.122942851099864,472411401095.9089,2.205968741009201e-11,275513.4475133346,0.9999865642250068,1.0,0.022341582848322834,7.016780121063521e-09
onset_y,1.7500000000000002e-05,9.1490255085538,472382484564.0244,3.5761292808930047e-12,274066.85041493573,0.9999865598845818,1.0,0.020481475580647085,7.038148227665921e-09
onset_y,1.8125000000000003e-05,9.181125907181805,472353574966.5936,3.13912789239235e-11,272301.77304343507,0.9999865558347196,1.0,0.018808942483440075,7.056370413831998e-09
onset_y,1.875e-05,9.218878588674286,472324671099.16516,2.4588003127236137e-11,270246.7534789111,0.9999865520464307,1.0,0.017301384927892367,7.0716104190001115e-09
onset_y,1.9375e-05,9.261962521267307,472295771923.41125,7.226104780009795e-12,267928.6514613042,0.9999865484947967,1.0,0.015935882236658983,7.08403725907804e-09
onset_y,2e-05,9.310094590400581,472266876542.68823,1.6182610806936282e-11,265372.6970605584,0.9999865451580086,1.0,0.014694922646864656,7.093818337350322e-09
onset_y,2.1875e-05,9.584359735040442,472180409134.0233,1.7208456881689926e-12,256931.2851587803,0.9999865385663045,1.0,0.024216411967584325,1.7941152847953904e-08
onset_y,2.375e-05,9.79108159830593,472093739962.13446,5.937028646485487e-12,246648.24821805934,0.9999865309275159,1.0,0.03034451580040475,2.3784292452008578e-08
onset_y,2.5625e-05,10.0321169951534,472007072491.0382,1.9615194528442535e-11,235455.2276691391,0.9999865243784531,0.9999999999999998,0.024027444480760857,2.3649698903635884e-08
onset_y,2.75e-05,424.7561559117786,471920400120.5884,8458.673361465066,1445.6446761148761,0.9999923131795222,0.9999999986199142,24.998389652394692,2.347766499181779e-08
onset_y,2.9375000000000003e-05,1097.075550364296,471833718792.59973,8254.548711156804,1413.0064482888624,0.9999923135516027,0.9999999985199723,0.040675625361421434,2.327549479892218e-08
onset_y,3.125e-05,1664.715413557783,471747026196.22705,8056.986345846002,1391.6224996318515,0.9999923133779032,0.9999999984211141,0.033398747776677805,2.3049037048729725e-08
onset_y,3.3125000000000006e-05,2148.67697450815,471660321235.12585,7866.009020042972,1377.6045613607075,0.9999923128624482,0.9999999983240668,0.8276450328221235,2.280300723850543e-08
onset_y,3.5e-05,2563.209244662505,471573603659.85815,7683.014816458573,1368.4218213383585,0.9999923121214904,0.9999999982293486,0.02369300389569292,2.254124110200226e-08
onset_y,3.6875e-05,2918.632322149708,471486873810.5154,7509.7394028143035,1362.2965545335971,0.9999923112259065,0.9999999981373162,0.7456824859998675,2.2266886591642005e-08
onset_y,3.875e-05,3222.816066018514,471400132433.22986,7347.8421384037265,1357.9136006192978,0.9999923102211576,0.9999999980482224,0.017319484684233697,2.1982549352037816e-08
onset_y,4.0625e-05,3482.010170727119,471313380562.8852,7198.733621554376,1354.2628373504538,0.9999923091375688,0.999999997962236,0.014838199280256127,2.169040378082067e-08
onset_y,4.2499999999999996e-05,3701.337953878133,471226619361.28687,7063.506947370095,1350.5561569815302,0.9999923079960046,0.9999999978794654,0.012682784091619105,2.139227716706056e-08
onset_y,4.4374999999999994e-05,3885.1048827935197,471139850191.6343,6942.917158623383,1346.1802865860707,0.9999923068111756,0.9999999977999654,0.01078850461590224,2.1089715140792705e-08
onset_y,4.625e-05,4036.9994599617557,471053074371.88855,6837.38632330462,1340.6714331319642,0.9999923055936695,0.9999999977237513,0.620252492711892,2.0784031355279085e-08
onset_y,4.8125000000000004e-05,4160.229490384503,470966293347.9764,6747.022571163334,1333.6984952133862,0.9999923043512301,0.999999997650808,0.6048466100245804,2.0476348140232448e-08
onset_y,5e-05,4257.617060150816,470879508455.14343,6671.649545208795,1325.0506751083542,0.9999923030895984,0.9999999975810963,0.006298982907654349,2.0167626837378193e-08
onset_y,5.3125e-05,4170.820059934569,470734650131.1998,6661.929770644497,1280.9735302283361,0.9999923014022397,0.9999999975144549,0.5857742141673565,6.66240482791937e-08
onset_y,5.625e-05,4260.734423705096,470590035395.83276,6592.843238497363,1261.825856534675,0.9999922991771049,0.9999999974083942,0.006603928009226599,2.6450861256155722e-08
onset_y,5.9375e-05,4301.370295333795,470445423529.71655,6556.178857461099,1238.5375294628134,0.9999922969343091,0.9999999973102107,0.004521318500195275,2.608244945489156e-08
onset_y,6.25e-05,4300.123020748497,470300819911.3749,6547.867599356599,1211.756977426875,0.9999922946803932,0.9999999972194751,0.5642651377082388,2.568234391434771e-08
onset_y,6.5625e-05,4263.311403437222,470156229335.052,6563.453762170017,1182.3308551068642,0.9999922924195735,0.9999999971357278,0.0034086387572341446,2.525704173164597e-08
onset_y,6.875e-05,4196.3623093350825,470011656223.4696,6598.442999115432,1151.1564366950106,0.9999922901545498,0.999999997058497,0.5632317028847258,2.481211775541419e-08
onset_y,7.1875e-05,4103.952492122123,469867104451.421,6648.556497075747,1119.0761030787346,0.9999922878870238,0.9999999969873097,0.5665335724813331,2.4352348239550788e-08
onset_y,7.5e-05,3990.1210155060994,469722577527.7152,6709.894488773704,1086.8163105822398,0.9999922856180289,0.9999999969217053,0.005798845440731186,2.388181485792458e-08
onset_y,7.8125e-05,3858.3606074433883,469578078523.8438,6779.023541858842,1054.960108266351,0.9999922833481576,0.9999999968612394,0.006512095569302029,2.340399847150992e-08
onset_y,8.125e-05,3711.693487408248,469433610142.1339,6853.005144005769,1023.9471813114686,0.999992281077693,0.9999999968054891,0.00710712286573944,2.292185950515414e-08
onset_y,8.4375e-05,3552.7519507787993,469289174798.2257,6929.379781264523,994.0893170722239,0.9999922788066882,0.9999999967540494,0.007591237340430039,2.243496902723754e-08
onset_y,8.75e-05,3383.7835601527777,469144774576.9508,7006.144839618762,965.5871342570263,0.9999922765351411,0.9999999967065507,0.604365865423768,2.195104128923668e-08
onset_y,9.0625e-05,3206.725181265242,469000411214.7428,7081.695628728284,938.5554938136281,0.9999922742629974,0.9999999966626509,0.6141476440449207,2.147275280885056e-08
onset_y,9.375e-05,3023.267590539416,468856086279.26514,7154.768077821951,913.0457367519767,0.9999922719900912,0.9999999966220281,0.6241969159642886,2.09980971824841e-08
onset_y,9.6875e-05,2834.8704183225063,468711801118.0614,7224.3923545596,889.0617976208587,0.9999922697162276,0.9999999965843864,0.6343800147299491,2.0528231899549176e-08
onset_y,0.0001,2642.7920124483267,468567556855.6197,7289.844388161723,866.5741595364711,0.9999922674412075,0.999999996549451,0.6445881634505856,2.0064115045062514e-08
onset_y,0.0001025,2509.6061069221178,468452222590.03076,7335.074682751652,851.1223819869272,0.9999922655767124,0.9999999965165405,0.00612493149927037,1.1744444755883178e-08
onset_y,0.000105,2351.4505779338356,468336882199.3003,7379.289708846483,835.3170445730309,0.9999922637833115,0.9999999964938462,0.6604452791692214,1.5761016925051583e-08
onset_y,0.0001075,2192.752232972735,468221569591.1506,7420.141410116811,820.3662687769698,0.9999922619880742,0.999999996472452,0.007238549568522034,1.544008436762749e-08
onset_y,0.00011,2033.97826589458,468106285285.3544,7457.556583450327,806.2344371168424,0.9999922601906066,0.9999999964522146,0.6759677256633619,1.510604324815929e-08
onset_y,0.0001125,1875.1469286124395,467991029050.0737,7491.498848302091,792.8697491952219,0.9999922583917978,0.9999999964331594,0.6834877062882807,1.4833823339065678e-08
onset_y,0.00011499999999999999,1716.5573553496918,467875801123.71497,7521.9509650137325,780.2343673225237,0.9999922565915557,0.9999999964151931,0.007247440490955892,1.456475170322005e-08
onset_y,0.00011750000000000001,1558.4718881440333,467760601668.03357,7548.923225493459,768.2913454209277,0.9999922547897881,0.9999999963982342,0.007238136632145395,1.429903597434909e-08
onset_y,0.00011999999999999999,1401.1198820310208,467645430871.91003,7572.4483950947715,757.0042516952436,0.9999922529864146,0.999999996382203,0.704932528079272,1.4036849085249383e-08
onset_y,0.0001225,1244.7012943644354,467530288853.2846,7592.576932903629,746.3381540917984,0.9999922511813562,0.9999999963670265,0.007201613049944218,1.3778337701722621e-08
onset_y,0.000125,1089.3896881598162,467415175661.1466,7609.373641209735,736.2597427610846,0.9999922493745556,0.9999999963526418,0.7181840862517176,1.3523616901819046e-08
onset_y,0.00012749999999999998,935.3350794926288,467300091383.9576,7622.914327962646,726.7370382901872,0.9999922475659451,0.9999999963389852,0.724473009644055,1.3272784286179235e-08
onset_y,0.00013,782.6664840418897,467185036059.5592,7633.283069913917,717.7400502716512,0.9999922457554759,0.9999999963260007,0.7305308759340309,1.3025911887194895e-08
onset_y,0.0001325,631.4940838285252,467070009743.1439,7640.57033820476,709.2402832411706,0.9999922439430987,0.9999999963136368,0.007081567806571681,1.2783054959434529e-08
onset_y,0.00013499999999999997,481.91141220723597,466955012367.16846,7644.87062530613,701.2112477022104,0.9999922421287701,0.9999999963018467,0.7419414350619701,1.2544251696689207e-08
onset_y,0.0001375,333.99703274826476,466840043950.70746,7646.281435218063,693.6276773801729,0.9999922403124635,0.9999999962905852,0.7472905773674561,1.2309523361389655e-08
onset_y,0.00014,187.8163132841088,466725104471.094,7644.901589571779,686.4664620480473,0.9999922384941421,0.999999996279813,0.7524012655855982,1.2078882366605393e-08
terminal_y,5e-07,7.082444246247308e-08,10743163907.643759,4.249951575875275e-15,605.7573157535422,0.9996649224033213,1.0000000000000004,0.0,0.0
terminal_y,5.3125e-07,2.847991579371054e-07,10743261504.81289,2.1034490490950635e-14,599.8961474676289,0.9996649233074271,1.0,0.0032955488013333978,2.575126553714208e-09
terminal_y,5.625e-07,1.0448264683410364e-06,10743362832.327826,9.087897009785814e-15,594.8106695570938,0.9996649242127058,1.0,0.004036277377090279,2.5751163606818293e-09
terminal_y,5.9375e-07,3.569750051033148e-06,10743467890.157097,7.620552559595376e-14,590.4016368577398,0.9996649251007432,1.0000000000000004,0.003843942974806337,2.575105796436826e-09
terminal_y,6.25e-07,1.151354629449442e-05,10743576678.267864,7.52897375982906e-14,586.5434969927,0.9996649260042414,1.0,0.003503200775711047,2.575094860982719e-09
terminal_y,6.562500000000001e-07,3.539111130353285e-05,10743689196.626404,3.662387423195659e-14,583.1352136702126,0.9996649269074536,0.9999999999999998,0.003172146664631923,2.5750835544677225e-09
terminal_y,6.875e-07,0.00010440909757587712,10743805445.197536,7.00742058002969e-15,580.099145648295,0.9996649278144377,1.0,0.00287823545607274,2.5750718760817666e-09
terminal_y,7.1875e-07,0.0002972116213695485,10743925423.949333,3.8044896146169334e-14,577.3753099080787,0.9996649287243422,1.0,0.002621749813158468,2.575059941173399e-09
terminal_y,7.5e-07,0.000819787799099152,10744049132.832382,2.787973281031267e-14,574.9164468887127,0.9996649296365961,1.0,0.0023979191565933725,2.5750472919928417e-09
terminal_y,7.8125e-07,0.0021984223888892413,10744176571.82063,4.649701539908888e-14,572.8084975278897,0.9996649305618038,1.0,0.00220172448363762,2.5750346173653614e-09
terminal_y,8.125000000000001e-07,0.005747704167646289,10744307740.875013,6.027357716011069e-14,570.6526924913924,0.9996649314780834,1.0,0.0020288432099202828,2.575021592636395e-09
terminal_y,8.437500000000001e-07,0.014684131894333851,10744442639.946196,8.770692771676256e-14,568.8035309845719,0.9996649323948967,1.0,0.0018757498331842916,2.5750080954326122e-09
terminal_y,8.750000000000001e-07,0.03672928650009134,10744581268.996738,3.319983736853871e-13,567.0845853172694,0.9996649333121416,1.0000000000000004,0.0017398006972666256,2.5749951052144663e-09
terminal_y,9.062500000000001e-07,0.09009533226934428,10744723627.983173,2.1717639180802976e-13,565.4895910240134,0.9996649342303118,1.0000000000000004,0.001620400303179046,2.5749860837397505e-09
terminal_y,9.375000000000001e-07,0.2170366438829889,10744869716.855707,3.29143959300953e-14,564.0279468010579,0.9996649351487327,0.9999999999999998,0.001526908467106502,2.575000439041568e-09
terminal_y,9.6875e-07,0.5140900397297644,10745019535.576008,3.7628563898450785e-13,562.6663417826685,0.9996649360681472,1.0,0.0015233652320201148,2.5751417261306153e-09
terminal_y,1e-06,1.1986412726456583,10745173084.070253,1.6121591834843194e-13,561.3997256927289,0.9996649369882445,1.0,0.0019044243644767394,2.5759391520403115e-09
terminal_y,1.0625e-06,6.2379899178000935,10745491370.107199,2.0350157832841776e-13,559.1106792040893,0.9996649388445428,1.0,0.010798394323869701,5.176429315833611e-09
terminal_y,1.125e-06,30.799089512376256,10745824573.72089,9.915508913562901e-15,557.068016953015,0.9996649410641237,1.0,0.05163767896225285,5.735736300517678e-09
terminal_y,1.1875e-06,145.18752356880003,10746172690.433073,5.979897525810633e-15,554.8674998580782,0.999664949138842,0.9999999999999998,0.20351873564873513,1.2703933706516765e-08
terminal_y,1.25e-06,656.5229247676671,10746535700.92396,2.246267823036442e-15,550.9227749928075,0.9996649850155056,0.9999999999999953,0.46675754196939456,5.140723256311069e-08
terminal_y,1.3125000000000001e-06,2844.1837748353514,10746913521.1007,4.860595856878183e-16,546.1783068283706,0.9996648193036243,0.9999999999999116,0.4534398165615223,2.16400750450444e-07
terminal_y,1.375e-06,11800.227997062004,10747305795.20153,2.912951157529424e-16,543.7187010587089,0.9996604925106625,0.999999999998541,0.249118850853091,8.797463645577911e-07
terminal_y,1.4375e-06,46887.030513631886,10747711079.529427,2.4005067492856567e-15,542.7782690789136,0.9995916192920741,0.9999999999736999,0.385450373060463,3.429651721572259e-06
terminal_y,1.5e-06,176345.9230259921,10748123852.576546,3.772998207254155e-14,542.4841318843341,0.9986257268773824,0.999999998798061,1.3587119864755688,1.261626290808327e-05
terminal_y,1.5625e-06,597176.4988999403,10748525223.14487,2.859844916018839e-14,543.5340498312892,0.9878901714984529,0.9999998779989239,4.383329101419562,4.121084623551759e-05
terminal_y,1.6250000000000001e-06,1543695.9675132057,10748862338.491938,2.2443373741774716e-09,549.9888805655348,0.9265120359540316,0.9999941449046369,9.46453769926314,9.712027328777164e-05
terminal_y,1.6875000000000001e-06,2455552.3000703896,10749064867.059984,1.0588491627408902e-09,555.0682477436469,0.8353501504694776,0.9999505913437328,8.223214433704221,0.00011229609463804516
terminal_y,1.7500000000000002e-06,2574004.714326005,10749096211.717878,1.0031906939950484e-09,546.8954807724922,0.8223685723581394,0.9999095557246785,0.9885860355453483,4.621013114788707e-05
terminal_y,1.8125000000000002e-06,2262875.7322181496,10749007500.80996,1.100167446914209e-09,537.2199968062997,0.8561034335547236,0.9999174413148901,2.637233075658974,3.5776669033638966e-05
terminal_y,1.8750000000000003e-06,1913315.7050323298,10748879284.084435,7.049749583367477e-10,531.4101399276209,0.8920538716298045,0.9999386527881526,3.1160123459271296,3.7555770254234806e-05
terminal_y,1.9375e-06,1638744.1932663033,10748754552.4268,2.6532097487034148e-11,528.3190599292387,0.9180804942446776,0.9999545076597601,2.5539683298883573,2.893527238972026e-05
terminal_y,2e-06,1429478.976214585,10748639190.955412,7.564007626059523e-11,526.6179882822373,0.9361875744680812,0.9999651701561368,2.0041581611338435,2.1636129910393157e-05
terminal_y,2.1875000000000002e-06,1027229.9543494389,10748333991.961708,4.2908416247004823e-13,524.662024752469,0.9657078070174554,0.9999816874356457,3.9747385525960404,4.0500723331387925e-05
terminal_y,2.375e-06,786763.8285944741,10748058495.007603,6.939744709241639e-14,524.1870261342018,0.9794239389522039,0.9999892180517373,2.440079745334915,2.3712545871094223e-05
terminal_y,2.5625e-06,638891.5062687843,10747813230.774715,2.829587424447624e-13,523.4643953195749,0.9862125766474537,0.9999926487531212,1.5192061290304513,1.4132494766532592e-05
terminal_y,2.75e-06,533545.1496253129,10747580265.152155,7.921946859114512e-14,522.5174810622084,0.9902396678145806,0.999994690711958,1.0893946126182146,9.941253868420474e-06
terminal_y,2.9375000000000003e-06,454834.0923087861,10747356234.872427,2.7407748484045665e-13,521.2236064648395,0.9927953942199323,0.9999959907406464,0.8172056055236913,7.351766605261359e-06
terminal_y,3.125e-06,393805.4979004884,10747138829.096996,2.1920951767352615e-14,519.5223847870905,0.9945051237027784,0.9999968643857056,0.6352710924443472,5.6527316004295935e-06
terminal_y,3.3125e-06,345136.6936818273,10746926526.44685,3.3049320763966966e-13,517.3641092128751,0.9956962824254688,0.9999974758497946,0.5075247741630561,4.476887769165688e-06
terminal_y,3.5000000000000004e-06,305457.37351011357,10746718269.260727,1.4227272859706876e-12,514.6984158286213,0.9965533165522252,0.9999979174237141,0.41432071672358806,3.629257539888669e-06
terminal_y,3.6875000000000007e-06,272527.6032979585,10746513292.621677,1.221906945975992e-12,511.47119488058956,0.9971862649019546,0.9999982441376627,0.3441828121704329,2.9980984487360213e-06
terminal_y,3.875000000000001e-06,244799.53793707298,10746311026.961216,4.692773658443988e-13,507.6243309932198,0.9976639037184084,0.999998490392314,0.29003943678666255,2.515566149952612e-06
terminal_y,4.0625000000000005e-06,221168.73023308913,10746111034.634708,1.9685945890292025e-12,503.09649262896033,0.9980309070845016,0.9999986785317079,0.24733834777198738,2.1385007650511422e-06
terminal_y,4.25e-06,200825.68718189947,10745912973.965351,3.5427205699264974e-12,497.8243932447661,0.9983172480835837,0.999998823527236,0.21304024893545997,1.8383667872905585e-06
terminal_y,4.4374999999999994e-06,183163.41041263365,10745716573.663809,1.0428665975689445e-12,491.7444325963283,0.9985435991775253,0.999998935663675,0.1850526038959923,1.5956773629041612e-06
terminal_y,4.625e-06,167717.69352372157,10745521612.510082,6.174891137055651e-13,484.7947385277884,0.9987245617744099,0.9999990221430451,0.1618964818184981,1.3967530747221703e-06
terminal_y,4.8125e-06,154127.41148737978,10745327910.061077,6.8747167768319815e-12,476.9176039244088,0.9988706650105538,0.9999990880749597,0.14250229518917398,1.2317600537336153e-06
terminal_y,5e-06,142107.33274846143,10745135315.951221,1.1350599331695658e-11,468.06224681992893,0.9989896412628331,0.9999991371053342,0.12608140990155195,1.093480797679099e-06
terminal_y,5.3125e-06,125330.82741470373,10744818177.80428,3.3896903957621293e-12,451.0507195426168,0.9991396008730299,0.9999991806839139,0.17605163292927334,1.5531127194427779e-06
terminal_y,5.625e-06,111075.34047390439,10744501555.766361,8.067352892925368e-12,431.1093934939859,0.9992522740635632,0.999999199535338,0.14965666481014697,1.3252894027305775e-06
terminal_y,5.9375e-06,99176.00496202224,10744186836.337244,1.7776948988654202e-11,408.32542867596254,0.9993359371879801,0.9999991890096619,0.12496880452162232,1.1276343640226884e-06
terminal_y,6.25e-06,89194.00133252879,10743873732.814157,1.980391063293898e-11,382.9875150311249,0.9993988249533048,0.9999991496468312,0.1048639587302727,9.700788639450881e-07
terminal_y,6.5625e-06,80793.28838332997,10743562013.20966,2.6706688855991535e-11,355.64314010595217,0.9994465900199917,0.999999079764959,0.08827140947038309,8.42888969641873e-07
terminal_y,6.875e-06,73710.34494203818,10743251488.749496,9.154157639649847e-12,327.1154806495343,0.9994831959813796,0.9999989761969241,0.07443645467854768,7.390515939982887e-07
terminal_y,7.187500000000001e-06,67733.58838410533,10742942003.865253,3.739769161509204e-11,298.48077217288346,0.9995114742656963,0.9999988355956032,0.06281924428027766,6.534744125062269e-07
terminal_y,7.500000000000001e-06,62689.50585777344,10742633429.01495,1.059856335727185e-10,270.99924083770117,0.9995334795295184,0.9999986570281009,0.05302431872823632,5.823867811709739e-07
terminal_y,7.8125e-06,58433.339041001775,10742325655.219074,7.849489029243896e-11,245.9939385788451,0.9995507221778668,0.9999984464117447,0.0447527018422402,5.229473391096777e-07
terminal_y,8.125000000000001e-06,54842.84385963877,10742018590.063923,2.793535895028167e-10,224.6834677324459,0.9995643241921395,0.9999982219676721,0.037769601922211,4.7298049512913397e-07
terminal_y,8.4375e-06,51814.11082104535,10741712154.499208,1.2408829099269107e-10,207.9811538071375,0.9995751258777916,0.9999980164425044,0.03188293179871305,4.3079566302358744e-07
terminal_y,8.750000000000001e-06,49258.661708578635,10741406280.558388,1.1719045016892972e-10,196.3035940209595,0.9995837606677829,0.9999978693763083,0.02693020665228148,3.9506088917300266e-07
terminal_y,9.062500000000002e-06,47101.27216920007,10741100908.898357,6.3267367086307e-11,189.47480124832896,0.9995907086668937,0.9999978090607325,0.022771293091707577,3.647695618948764e-07
terminal_y,9.375e-06,45278.292166094616,10740795988.065601,2.747325294010859e-10,186.79766149460838,0.9995963353048832,0.9999978375378811,0.01928351675701586,3.3903775625467185e-07
terminal_y,9.6875e-06,43736.157728189864,10740491473.61604,1.701075809568578e-10,187.2813742404088,0.9996009198765711,0.9999979329475964,0.016359906404705575,3.1705956693672005e-07
terminal_y,1e-05,42429.919697877165,10740187326.038149,3.7038677607776987e-10,189.89817772015527,0.9996046770690099,0.9999980647709262,0.013909168644622572,2.983261155577805e-07
terminal_y,1.0625e-05,40034.275220523086,10739574976.399494,3.1917283399737144e-11,198.3759045684762,0.9996112693923118,0.9999983783859693,0.025615074188871136,1.7896402801003393e-06
terminal_y,1.125e-05,38563.65962195457,10738968680.9542,3.286783582785046e-12,207.35341693399735,0.9996151178196685,0.9999986048915658,0.016019025258330096,5.135997138700166e-07
terminal_y,1.1875e-05,37498.22592278466,10738363295.958664,9.182494740922851e-11,215.01646056672882,0.9996178097209275,0.9999987703268892,0.01187428189823223,4.803735015325619e-07
terminal_y,1.25e-05,36727.60580084519,10737758669.454348,1.5969199336092354e-10,220.84302262128782,0.9996197035669402,0.9999988867320534,0.00889742017940044,4.5623000303829554e-07
terminal_y,1.3125e-05,36174.33776355898,10737154677.55961,5.461450895470068e-10,224.90090907925392,0.9996210327780155,0.9999989677454083,0.006751613927951837,4.386310032807645e-07
terminal_y,1.375e-05,35783.3428581535,10736551218.16806,1.068672155767843e-10,227.45359325828446,0.9996219535548371,0.9999990237337446,0.00521161588813795,4.2575017984024686e-07
terminal_y,1.4375000000000002e-05,35080.54640706994,10735941049.291391,6.7897271376084e-11,229.05452595476146,0.9996236000128182,0.9999990889297149,0.00816565630659449,2.3378925208407806e-06
terminal_y,1.5000000000000002e-05,34924.604870255316,10735338691.630873,1.2255670169700768e-10,229.4310186609061,0.9996239443005471,0.9999991122977265,0.0032706503883244455,3.364736151960249e-07
terminal_y,1.5625e-05,34839.19855957625,10734736647.181385,7.767449772127572e-11,229.08306671471104,0.9996241225345782,0.9999991264053888,0.0028376205915668076,3.310762746363201e-07
terminal_y,1.6250000000000002e-05,34808.41140857691,10734134867.538166,1.3445250633921423e-11,228.18720944558035,0.9996241730250367,0.9999991334877026,0.0025980270332250865,3.269183785746893e-07
terminal_y,1.6875e-05,34820.04240452935,10733533308.934921,2.0258918891055635e-10,226.8811900677696,0.9996241245588249,0.9999991351335606,0.002487857583858948,3.2385458950802686e-07
terminal_y,1.7500000000000002e-05,34864.665549075056,10732931935.132994,1.650600769643103e-10,225.2723042675167,0.9996239990434638,0.9999991325003054,0.0024552064509611674,3.215853781719958e-07
terminal_y,1.8125000000000003e-05,34934.91967868754,10732330714.787373,5.962776210276471e-11,223.44326750617395,0.9996238134037417,0.9999991264447159,0.0024637053959517224,3.198907373864314e-07
terminal_y,1.875e-05,35024.99885334908,10731729621.008839,9.886522082171076e-12,221.4580474149892,0.9996235808958194,0.9999991176158879,0.002490731814424559,3.186088731438034e-07
terminal_y,1.9375e-05,35130.283994099125,10731128630.627747,9.070311385476083e-11,219.36589218729077,0.9996233120278148,0.9999991065131717,0.0025234218586149253,3.1762062288246745e-07
terminal_y,2e-05,35247.07121389202,10730527723.647736,1.475527737076172e-10,217.20462143351358,0.9996230152214949,0.9999990935265777,0.002555001764392062,3.168380137823219e-07
terminal_y,2.1875e-05,36035.270369844206,10728731788.465494,5.487100338572018e-10,210.40498719085744,0.9996210680720353,0.9999990209723211,0.010460557163231006,7.992861052486894e-07
terminal_y,2.375e-05,36433.04391907265,10726929288.353836,3.6215635368985134e-11,203.88519810535186,0.9996200372420272,0.9999989649259683,0.00781120108484591,1.0503983172951085e-06
terminal_y,2.5625e-05,36824.02583858579,10725126823.981789,2.136464842083265e-10,197.68181760120567,0.9996190122272671,0.9999989036145044,0.007788802396448597,1.0422630372651656e-06
terminal_y,2.75e-05,37190.56944499391,10723324248.866621,3.091624345816443e-10,191.88210625950387,0.9996180375880902,0.9999988393001693,0.007695561500321092,1.033498263342042e-06
terminal_y,2.9375000000000003e-05,37522.87999356321,10721521473.216007,1.4732551918097363e-10,186.50879064522516,0.9996171398081375,0.9999987735412562,0.007564733422516686,1.0239513582744594e-06
terminal_y,3.125e-05,37815.836107127165,10719718446.146713,9.792655266675964e-11,181.55332098163515,0.9996163342102866,0.9999987074657775,0.007417633153962698,1.0136346183607612e-06
terminal_y,3.3125000000000006e-05,38067.18588071436,10717915143.77099,2.0016078017733007e-10,176.99305636249218,0.9996156289152559,0.999998641923367,0.007267145198847259,1.0026244525256944e-06
terminal_y,3.5e-05,38276.47543859294,10716111560.986048,5.920729002790944e-11,172.79947980994476,0.9996150272466233,0.9999985775646849,0.007120771387110506,9.910174586743805e-07
terminal_y,3.6875e-05,38444.38791500425,10714307705.728724,5.988700322695969e-11,168.94260006107208,0.9996145292681766,0.9999985148925707,0.006982693401500548,9.789114597116926e-07
terminal_y,3.875e-05,38572.32331186959,10712503594.885494,5.9711452633826015e-12,165.39327719803867,0.9996141328079194,0.9999984542975437,0.0068550677053934765,9.663977113178585e-07
terminal_y,4.0625e-05,38662.12397534316,10710699251.68903,1.5835194565068624e-11,162.12404417549047,0.9996138341663815,0.9999983960770596,0.006738817275506741,9.535582433761165e-07
terminal_y,4.2499999999999996e-05,38715.89176813846,10708894702.087442,7.348419700531385e-11,159.10966513094422,0.9996136286197302,0.9999983404545041,0.006634107743022804,9.404654073227177e-07
terminal_y,4.4374999999999994e-05,38735.86459510864,10707089976.472794,1.0856453556473691e-10,156.3271441621599,0.9996135107842529,0.9999982875902015,0.006540638766570167,9.271824482432475e-07
terminal_y,4.625e-05,38724.331900674944,10705285104.107405,2.5230555175997995e-11,153.7557245409584,0.9996134748858387,0.999998237592884,0.006457821338535092,9.137643406291119e-07
terminal_y,4.8125000000000004e-05,38683.57728070453,10703480117.083174,2.2059723762981924e-10,151.37671923390792,0.9996135149584319,0.9999981905275953,0.006384890718699384,9.002588089459622e-07
terminal_y,5e-05,38615.83871200609,10701675044.91753,7.21237346889786e-11,149.17338908779732,0.9996136249938421,0.99999814642414,0.006320980929112007,8.86707194706507e-07
terminal_y,5.3125e-05,38041.04920070276,10698660412.610235,8.376678955613375e-12,145.96766183225753,0.9996149960092915,0.9999981276051336,0.012340888906088969,2.92869443107968e-06
terminal_y,5.625e-05,37880.56950321172,10695652804.148691,8.036563386895104e-11,143.01384982343535,0.9996152962254363,0.9999980624459044,0.010076699958471907,1.163253305319638e-06
terminal_y,5.9375e-05,37664.56136269045,10692645231.137636,2.3117695752900205e-10,140.3965967718182,0.9996157356885965,0.9999980049738624,0.009951863347495543,1.147094144819013e-06
terminal_y,6.25e-05,37400.986783874905,10689637814.300905,2.2195055950506884e-10,138.07307769063246,0.9996162920654525,0.9999979549000626,0.009855664188757014,1.1295360229551427e-06
terminal_y,6.5625e-05,37097.02328725727,10686630660.844969,2.6607415063816066e-10,136.00721672451348,0.999616945008229,0.9999979118599803,0.009780830046281429,1.1108653652553525e-06
terminal_y,6.875e-05,36759.089704189086,10683623869.3675,1.5752723063574782e-10,134.16847325032663,0.9996176762387764,0.999997875440461,0.009721044402470146,1.0913280441208114e-06
terminal_y,7.1875e-05,36392.88970605785,10680617525.904665,1.9425876480400268e-11,132.5308686489892,0.9996184695294379,0.9999978452009278,0.009671042856825985,1.0711347331379655e-06
terminal_y,7.5e-05,36003.4644687569,10677611708.112312,9.02174702910271e-11,131.0722831472599,0.9996193106179765,0.999997820692413,0.00962659803298448,1.0504654554879457e-06
terminal_y,7.8125e-05,35595.248896274825,10674606483.68004,2.228963180907722e-10,129.77372922083666,0.999620187082415,0.9999978014669701,0.009584436345325128,1.0294737222056562e-06
terminal_y,8.125e-05,35172.128309728105,10671601911.909496,6.989076449231743e-11,128.6188842932337,0.999621088193002,0.9999977870882036,0.009542118122439424,1.0082900753806831e-06
terminal_y,8.4375e-05,34737.529398440034,10668598045.697474,5.855721007653546e-11,127.59364122744122,0.9996220046717046,0.9999977771316848,0.009497654349908662,9.868961307562195e-07
terminal_y,8.75e-05,34294.367864800115,10665594930.29253,1.1358117448264498e-11,126.68579128134469,0.9996229287799994,0.9999977712044164,0.009450342366074529,9.656310056289061e-07
terminal_y,9.0625e-05,33845.15526625166,10662592603.06019,6.856535571446159e-12,125.88471925108689,0.9996238540234084,0.9999977689390463,0.009399559966915317,9.446125128655861e-07
terminal_y,9.375e-05,33392.0966073783,10659591097.699354,1.187551099496347e-10,125.18114095425858,0.9996247748849053,0.9999977699866309,0.009344638920618955,9.237528046696632e-07
terminal_y,9.6875e-05,32937.08907771617,10656590442.97706,5.98840199966416e-11,124.56693565316445,0.9996256867907427,0.9999977740237176,0.00928546108390576,9.031029204766306e-07
terminal_y,0.0001,32481.75846902935,10653590662.666767,9.148855610626895e-11,124.03494520922598,0.9996265859888777,0.9999977807507645,0.0092220999849286,8.827051106508532e-07
terminal_y,0.0001025,32166.618425861336,10651192291.111813,8.423286694746277e-11,123.63871395994987,0.9996271890715669,0.9999977800964891,0.00696037335744002,5.171770080184319e-07
terminal_y,0.000105,31801.475808285657,10648793629.005032,7.907287674408296e-11,123.30966847730593,0.999627893207082,0.999997789089858,0.007301727297091207,6.933876130553666e-07
terminal_y,0.0001075,31438.605778491925,10646395561.54664,1.4933317911646196e-10,123.0234434149631,0.999628583856281,0.9999977993130948,0.007251662761673876,6.792834408860935e-07
terminal_y,0.00011,31078.671843196884,10643998100.143559,3.8736237719907525e-10,122.77752762574254,0.9996292597838049,0.9999978106182645,0.007198342525809424,6.646042389052513e-07
terminal_y,0.0001125,30721.399888932934,10641601237.305378,1.2712993841247814e-11,122.570054945519,0.9996299217625141,0.9999978230106252,0.007148915984742503,6.526385750390113e-07
terminal_y,0.00011499999999999999,30367.154171252405,10639204977.76825,9.440431098431736e-11,122.3989956969313,0.9996305692280223,0.999997836388507,0.007098081140311189,6.408112555521531e-07
terminal_y,0.00011750000000000001,30016.247380515655,10636809324.549232,1.4547177156821114e-11,122.26253304621808,0.9996312017530895,0.9999978506591279,0.007046010746177922,6.291314284631259e-07
terminal_y,0.00011999999999999999,29668.946063107913,10634414281.308119,1.3361585546017256e-10,122.15895806821678,0.9996318190303374,0.999997865735022,0.006992872547593918,6.176067183197377e-07
terminal_y,0.0001225,29325.47572059769,10632019850.11688,1.712577689405662e-10,122.08671231022592,0.999632420855752,0.9999978815356454,0.006938825590671076,6.062435914411925e-07
terminal_y,0.000125,28986.025069317813,10629626031.505285,2.59984774216822e-10,122.04438060470012,0.9996330071161205,0.9999978979871432,0.006884023027866722,5.95047122939239e-07
terminal_y,0.00012749999999999998,28650.75012657541,10627232826.922955,4.6642621031781004e-11,122.03061612888267,0.9996335777748561,0.9999979150197617,0.006828607481957114,5.840216213849113e-07
terminal_y,0.00013,28319.777874256204,10624840236.69359,1.2210637868349068e-10,122.04420526311877,0.9996341328621972,0.9999979325700693,0.006772711680067331,5.731702663731921e-07
terminal_y,0.0001325,27993.20933657518,10622448261.55673,5.585237876536639e-11,122.08399798628592,0.9996346724651372,0.9999979505785241,0.00671645983663528,5.624955019897796e-07
terminal_y,0.00013499999999999997,27671.12280566101,10620056899.48592,2.386239422225909e-10,122.14895808298114,0.9996351967183326,0.9999979689911164,0.006659964802906092,5.519990185156732e-07
terminal_y,0.0001375,27353.57614612567,10617666150.442904,2.1325667373604733e-11,122.23806753299239,0.9996357057977135,0.9999979877560938,0.006603331443500594,5.416817640543957e-07
terminal_y,0.00014,27040.60943560248,10615276013.463068,2.0514670696977718e-11,122.35044374152598,0.999636199912078,0.9999980068277927,0.006546653261049166,5.315442933271136e-07
