case_id,shear,time_s,cauchy_shear_Pa,first_piola_shear_Pa,temperature_K,temperature_rise_K,plastic_work_J_m3,generated_heat_J_m3,stored_energy_J_m3
baseline_search,0.005,5e-07,176010149.9999999,176010149.9999999,293.15,0.0,2.2671941815995502e-10,2.040474763439595e-10,2.2671941815995496e-11
baseline_search,0.00625,6.25e-07,220019824.21873915,220019824.21873915,293.15,0.0,6.098449635929929e-08,5.488604672336937e-08,6.098449635929929e-09
baseline_search,0.0075,7.5e-07,264034256.24894693,264034256.24894693,293.1500000000027,2.7284841053187847e-12,7.224264434241591e-06,6.501837990817432e-06,7.224264434241589e-07
baseline_search,0.00875,8.750000000000001e-07,308054397.5990849,308054397.5990849,293.15000000017517,1.751914169290103e-10,0.0004629621279686508,0.00041666591517178567,4.629621279686507e-05
baseline_search,0.01,1e-06,352081197.8568863,352081197.8568863,293.1500000075731,7.57313500798773e-09,0.020009080552090257,0.018008172496881233,0.0020009080552090253
baseline_search,0.0125,1.25e-06,440156997.9514352,440156997.9514352,293.1500072738549,7.273854919276346e-06,19.2182586408699,17.29643277678291,1.9218258640869896
baseline_search,0.015,1.5e-06,527784167.18815434,527784167.18815434,293.15268315039623,0.0026831503962512215,7089.154066282923,6380.238659654631,708.9154066282921
baseline_search,0.0175,1.7500000000000002e-06,575433970.6307694,575433970.6307694,293.401328403279,0.2513284032790466,664034.9995134093,597631.4995620684,66403.49995134091
baseline_search,0.02,2e-06,565661704.2636716,565661704.2636716,294.00336753233546,0.8533675323354828,2254683.1218683245,2029214.8096814917,225468.3121868324
baseline_search,0.0275,2.75e-06,551581760.8320327,551581760.8320327,295.6762110517827,2.5262110517826954,6674504.483600452,6007054.035240407,667450.4483600449
baseline_search,0.035,3.5000000000000004e-06,545089029.2915714,545089029.2915714,297.2759741291368,4.125974129136807,10901239.943792373,9811115.949413141,1090123.9943792373
baseline_search,0.0425,4.25e-06,541005050.0959636,541005050.0959636,298.84672161127247,5.696721611272494,15051313.273856478,13546181.94647082,1505131.327385647
baseline_search,0.05,5e-06,538105973.4994398,538105973.4994398,300.4006853353636,7.250685335363642,19157042.221751858,17241337.99957667,1915704.222175185
baseline_search,0.0625,6.25e-06,534469690.05179554,534469690.05179554,302.9685085501929,9.818508550192917,25941490.238624386,23347341.21476192,2594149.0238624387
baseline_search,0.07500000000000001,7.500000000000001e-06,532065137.5625549,532065137.5625549,305.51556595208865,12.365565952088673,32671072.882536963,29403965.59428326,3267107.2882536952
baseline_search,0.08750000000000001,8.750000000000001e-06,530230844.96142405,530230844.96142405,308.0493694120995,14.899369412099531,39365637.27471991,35429073.54724792,3936563.727471987
baseline_search,0.1,1e-05,528752001.52072436,528752001.52072436,310.57332348652005,17.423323486520076,46034178.59640988,41430760.7367689,4603417.85964099
baseline_search,0.125,1.25e-05,526655124.46849895,526655124.46849895,315.59791042564575,22.447910425645773,59309644.250701,53378679.825630896,5930964.425070098
baseline_search,0.15000000000000002,1.5000000000000002e-05,524710674.6774519,524710674.6774519,320.6019776572926,27.451977657292616,72530894.76747419,65277805.29072674,7253089.476747404
baseline_search,0.17500000000000002,1.7500000000000002e-05,523045272.4791722,523045272.4791722,325.58779810083234,32.43779810083237,85703935.42904,77133541.88613595,8570393.542903986
baseline_search,0.2,2e-05,521476128.6302318,521476128.6302318,330.55786750912654,37.40786750912656,98835360.26626869,88951824.23964189,9883536.026626844
baseline_search,0.275,2.75e-05,516839616.8800423,516839616.8800423,345.38034856435894,52.23034856435896,137997850.74441373,124198065.6699723,13799785.074441373
baseline_search,0.35,3.5e-05,511651510.4667494,511651510.4667494,360.0717677680496,66.92176776804962,176814062.5871579,159132656.32844186,17681406.25871577
baseline_search,0.425,4.2499999999999996e-05,506501473.71014404,506501473.71014404,374.61927108038833,81.46927108038835,215250034.1244043,193725030.7119633,21525003.412440363
baseline_search,0.5,5e-05,501035614.3786416,501035614.3786416,389.0154200805963,95.86542008059632,253286112.29794183,227957501.06814685,25328611.229794122
baseline_search,0.625,6.25e-05,491450348.3897095,491450348.3897095,412.65229311668406,119.50229311668409,315737115.7270952,284163404.15438485,31573711.5727095
baseline_search,0.75,7.5e-05,481563120.0345922,481563120.0345922,435.825178485272,142.675178485272,376962216.924181,339265995.2317622,37696221.69241802
baseline_search,0.875,8.75e-05,471619689.3234935,471619689.3234935,458.5257103796535,165.37571037965353,436939312.58379704,393245381.32541794,43693931.25837955
baseline_search,1.0,0.0001,461777797.41869026,461777797.41869026,480.75521524539414,187.60521524539416,495671907.30896366,446104716.57806873,49567190.73089622
baseline_search,1.1,0.00011,453994658.7777749,453994658.7777749,498.20476359421946,205.05476359421948,541775374.6375703,487597837.1738151,54177537.46375681
baseline_search,1.2,0.00011999999999999999,446401825.27028453,446401825.27028453,515.3628580375907,222.21285803759076,587108791.3414121,528397912.2072721,58710879.13414096
baseline_search,1.2999999999999998,0.00013,438985455.175839,438985455.175839,532.2360866228837,239.08608662288373,631689563.7063621,568520607.3357273,63168956.37063602
baseline_search,1.4,0.00014,431755551.7377945,431755551.7377945,548.8313948242254,255.68139482422544,675536042.375836,607982438.1382538,67553604.23758349
rate_5e3_T293,0.005,1e-06,176010149.99999988,176010149.99999988,293.15,0.0,4.5343883631991005e-10,4.08094952687919e-10,4.534388363199099e-11
rate_5e3_T293,0.00625,1.25e-06,220019824.21872827,220019824.21872827,293.15000000000003,5.684341886080802e-14,1.2196899271859863e-07,1.0977209344673879e-07,1.2196899271859862e-08
rate_5e3_T293,0.0075,1.5e-06,264034256.2478939,264034256.2478939,293.15000000000543,5.4569682106375694e-12,1.4448528868469675e-05,1.3003675981622709e-05,1.4448528868469672e-06
rate_5e3_T293,0.00875,1.7500000000000002e-06,308054397.5419197,308054397.5419197,293.1500000003504,3.504396772768814e-10,0.0009259242558642653,0.0008333318302778388,9.259242558642652e-05
rate_5e3_T293,0.01,2e-06,352081195.7137726,352081195.7137726,293.1500000151463,1.514632685939432e-08,0.04001816095122298,0.03601634485610068,0.004001816095122296
rate_5e3_T293,0.0125,2.5e-06,440155402.1894596,440155402.1894596,293.15001454753315,1.4547533169206872e-05,38.436050484038816,34.592445435634936,3.8436050484038806
rate_5e3_T293,0.015,3e-06,527298004.8566362,527298004.8566362,293.15534473236596,0.005344732365983873,14121.322173440694,12709.189956096627,1412.1322173440692
rate_5e3_T293,0.0175,3.5000000000000004e-06,562201459.3358876,562201459.3358876,293.47649798301165,0.3264979830116772,862640.6134830853,776376.5521347767,86264.06134830849
rate_5e3_T293,0.02,4e-06,552619583.9570806,552619583.9570806,294.0633413394004,0.9133413394004037,2413139.971255976,2171825.974130379,241313.99712559755
rate_5e3_T293,0.0275,5.5e-06,539464602.3818159,539464602.3818159,295.6935172134092,2.5435172134092454,6720229.108741934,6048206.197867744,672022.9108741932
rate_5e3_T293,0.035,7.000000000000001e-06,533218135.58256865,533218135.58256865,297.25700744377446,4.107007443774478,10851128.047401188,9766015.242661072,1085112.8047401188
rate_5e3_T293,0.0425,8.5e-06,529253989.090037,529253989.090037,298.7930160796797,5.6430160796797395,14909417.840711808,13418476.05664063,1490941.7840711817
rate_5e3_T293,0.05,1e-05,526425685.35930717,526425685.35930717,300.3129344019798,7.1629344019798395,18925195.40202792,17032675.861825142,1892519.5402027953
rate_5e3_T293,0.0625,1.25e-05,522839886.0740657,522839886.0740657,302.8248784741872,9.67487847418721,25562005.086107094,23005804.57749639,2556200.508610714
rate_5e3_T293,0.07500000000000001,1.5000000000000002e-05,520470629.0699978,520470629.0699978,305.31652948089936,12.166529480899385,32145198.443656992,28930678.59929131,3214519.844365705
rate_5e3_T293,0.08750000000000001,1.7500000000000002e-05,518654638.17644995,518654638.17644995,307.7952146053595,14.645214605359513,38694134.63209067,34824721.16888159,3869413.4632090703
rate_5e3_T293,0.1,2e-05,517183940.6302079,517183940.6302079,310.26420889420524,17.114208894205262,45217466.65506524,40695719.989558704,4521746.665506526
rate_5e3_T293,0.125,2.5e-05,515095375.1583259,515095375.1583259,315.1790465248363,22.029046524836303,58202963.56303866,52382667.20673477,5820296.356303861
rate_5e3_T293,0.15000000000000002,3.0000000000000004e-05,513189075.3892445,513189075.3892445,320.0730770508473,26.923077050847326,71133486.00125152,64020137.401126415,7113348.6001251545
rate_5e3_T293,0.17500000000000002,3.5000000000000004e-05,511489952.3030495,511489952.3030495,324.9490605131353,31.799060513135316,84016326.27622949,75614693.64860645,8401632.627622947
rate_5e3_T293,0.2,4e-05,509828413.7160231,509828413.7160231,329.80932381019545,36.659323810195474,96857632.28857273,87171869.05971552,9685763.228857294
rate_5e3_T293,0.275,5.5e-05,505066291.81360304,505066291.81360304,344.2991518560905,51.1491518560905,135141219.95266515,121627097.9573986,13514121.995266521
rate_5e3_T293,0.35,7e-05,499655948.7982306,499655948.7982306,358.6543304030849,65.50433040308491,173069050.0550544,155762145.04954916,17306905.005505458
rate_5e3_T293,0.425,8.499999999999999e-05,494357925.59537274,494357925.59537274,372.8608483878029,79.71084838780291,210604103.95263982,189543693.557376,21060410.395263992
rate_5e3_T293,0.5,0.0001,488745148.1945614,488745148.1945614,386.91158993769403,93.76158993769405,247727580.7921832,222954822.71296445,24772758.079218328
rate_5e3_T293,0.625,0.000125,478924900.7497401,478924900.7497401,409.9631847022476,116.81318470224761,308632219.9756631,277768997.97809696,30863221.997566372
rate_5e3_T293,0.75,0.00015,468820396.1499905,468820396.1499905,432.53946344522507,139.3894634452251,368281026.2726168,331452923.6453555,36828102.62726169
rate_5e3_T293,0.875,0.000175,458679873.8766927,458679873.8766927,454.6330272114113,161.4830272114113,426654450.89683676,383989005.807153,42665445.08968356
rate_5e3_T293,1.0,0.0002,448662275.92492765,448662275.92492765,476.2462402259651,183.09624022596512,483758740.3697346,435382866.3327632,48375874.03697359
rate_5e3_T293,1.1,0.00022,440772956.77903664,440772956.77903664,493.1966426219734,200.04664262197343,528543413.7291311,475689072.3562199,52854341.372913286
rate_5e3_T293,1.2,0.00023999999999999998,433067956.2596814,433067956.2596814,509.85091761892426,216.70091761892428,572545688.6221224,515291119.7599117,57254568.86221231
rate_5e3_T293,1.2999999999999998,0.00026,425551574.79342985,425551574.79342985,526.2160562100627,233.0660562100627,615784035.958227,554205632.3624036,61578403.59582253
rate_5e3_T293,1.4,0.00028,418233332.85536695,418233332.85536695,542.2994842462371,249.14948424623708,658278075.5846236,592450268.02616,65827807.558462195
rate_1p3e4_T293,0.005,3.8461538461538463e-07,176010149.99999994,176010149.99999994,293.15,0.0,1.7439955243073462e-10,1.5695959718766116e-10,1.743995524307346e-11
rate_1p3e4_T293,0.00625,4.807692307692307e-07,220019824.21874166,220019824.21874166,293.15,0.0,4.691115104561484e-08,4.222003594105335e-08,4.691115104561483e-09
rate_1p3e4_T293,0.0075,5.769230769230769e-07,264034256.2491899,264034256.2491899,293.1500000000021,2.1032064978498966e-12,5.557126487879348e-06,5.0014138390914135e-06,5.557126487879346e-07
rate_1p3e4_T293,0.00875,6.730769230769232e-07,308054397.6122768,308054397.6122768,293.15000000013475,1.347757461189758e-10,0.0003561247138285276,0.0003205122424456748,3.561247138285275e-05
rate_1p3e4_T293,0.01,7.692307692307693e-07,352081198.3514511,352081198.3514511,293.15000000582546,5.825484095112188e-09,0.015391600438261075,0.01385244039443497,0.0015391600438261072
rate_1p3e4_T293,0.0125,9.615384615384615e-07,440157366.2093943,440157366.2093943,293.1500055952887,5.595288712356705e-06,14.783317309673594,13.304985578706235,1.478331730967359
rate_1p3e4_T293,0.015,1.1538461538461538e-06,527896885.9662795,527896885.9662795,293.1520658815521,0.002065881552141491,5458.267500111614,4912.440750100453,545.8267500111613
rate_1p3e4_T293,0.0175,1.3461538461538464e-06,580095921.9681369,580095921.9681369,293.3741897869683,0.22418978696833847,592332.037040724,533098.8333366514,59233.203704072366
rate_1p3e4_T293,0.02,1.5384615384615385e-06,570656823.9033499,570656823.9033499,293.97949001838134,0.8294900183813638,2191596.320854122,1972436.688768709,219159.6320854121
rate_1p3e4_T293,0.0275,2.1153846153846155e-06,556219552.4769217,556219552.4769217,295.6687704989616,2.518770498961601,6654845.792323994,5989361.21309159,665484.579232399
rate_1p3e4_T293,0.035,2.6923076923076928e-06,549629261.5289968,549629261.5289968,297.2824484495494,4.132448449549429,10918345.751555333,9826511.176399793,1091834.5751555325
rate_1p3e4_T293,0.0425,3.2692307692307696e-06,545498647.6215763,545498647.6215763,298.8664949969586,5.716494996958602,15103556.55389676,13593200.898507074,1510355.6553896759
rate_1p3e4_T293,0.05,3.846153846153846e-06,542572427.969698,542572427.969698,300.4334839168153,7.283483916815328,19243699.38319628,17319329.444876637,1924369.938319628
rate_1p3e4_T293,0.0625,4.807692307692308e-06,538917404.4549081,538917404.4549081,303.02267679753623,9.872676797536258,26084608.213470124,23476147.39212311,2608460.8213470136
rate_1p3e4_T293,0.07500000000000001,5.76923076923077e-06,536500041.1659149,536500041.1659149,305.59092564963413,12.440925649634153,32870180.80695195,29583162.726256754,3287018.080695194
rate_1p3e4_T293,0.08750000000000001,6.730769230769232e-06,534659229.8830413,534659229.8830413,308.1458144581015,14.995814458101506,39620454.81718503,35658409.33546656,3962045.4817185034
rate_1p3e4_T293,0.1,7.692307692307692e-06,533178285.31442785,533178285.31442785,310.69079375347906,17.54079375347908,46344546.894004405,41710092.20460395,4634454.689400443
rate_1p3e4_T293,0.125,9.615384615384616e-06,531080090.600104,531080090.600104,315.7573802973524,22.60738029735245,59730979.74163488,53757881.76747133,5973097.974163489
rate_1p3e4_T293,0.15000000000000002,1.153846153846154e-05,529147893.34082615,529147893.34082615,320.80342974492675,27.65342974492677,73063151.5087311,65756836.35785786,7306315.150873104
rate_1p3e4_T293,0.17500000000000002,1.3461538461538463e-05,527494403.1671007,527494403.1671007,325.831332743581,32.68133274358104,86347378.52687524,77712640.67418733,8634737.852687517
rate_1p3e4_T293,0.2,1.5384615384615384e-05,525940550.33401257,525940550.33401257,330.8436030209865,37.69360302098653,99590302.31819911,89631272.08637865,9959030.231819903
rate_1p3e4_T293,0.275,2.1153846153846157e-05,520977620.67548645,520977620.67548645,345.7958744748694,52.6458744748694,139095712.1249209,125186140.91242824,13909571.212492088
rate_1p3e4_T293,0.35,2.692307692307692e-05,516260302.2080569,516260302.2080569,360.6141898979739,67.46418989797394,178247196.5826888,160422476.92441955,17824719.65826892
rate_1p3e4_T293,0.425,3.269230769230769e-05,511172584.5594699,511172584.5594699,375.29278802268954,82.14278802268956,217029533.8411839,195326580.45706487,21702953.38411844
rate_1p3e4_T293,0.5,3.846153846153846e-05,505768623.79117924,505768623.79117924,389.82188791759035,96.67188791759037,255416881.69272265,229875193.52344975,25541688.169272322
rate_1p3e4_T293,0.625,4.807692307692308e-05,496282715.20880896,496282715.20880896,413.684381391267,120.534381391267,318463997.08220637,286617597.3739849,31846399.70822068
rate_1p3e4_T293,0.75,5.769230769230769e-05,486488009.85691035,486488009.85691035,437.0876719178778,143.93767191787782,380297851.9537618,342268066.75838554,38029785.19537622
rate_1p3e4_T293,0.875,6.73076923076923e-05,476629238.9473897,476629238.9473897,460.02301909683206,166.87301909683208,440895353.2871623,396805817.9584458,44089535.32871629
rate_1p3e4_T293,1.0,7.692307692307693e-05,466863618.4869334,466863618.4869334,482.49134536076645,189.34134536076647,500258938.24250144,450233044.4182519,50025893.82425042
rate_1p3e4_T293,1.1,8.461538461538463e-05,459128454.53525555,459128454.53525555,500.13460029949306,206.98460029949308,546874197.9258614,492186778.1332771,54687419.79258647
rate_1p3e4_T293,1.2,9.23076923076923e-05,451585701.4286781,451585701.4286781,517.4884594844515,224.3384594844515,592724844.8288692,533452360.34598416,59272484.48288726
rate_1p3e4_T293,1.2999999999999998,9.999999999999999e-05,444214629.94488764,444214629.94488764,534.5593531674065,241.4093531674065,637827868.3254716,574045081.4929264,63782786.83254747
rate_1p3e4_T293,1.4,0.00010769230769230768,437025422.6456662,437025422.6456662,551.3540380233419,258.2040380233419,682201120.2327049,613981008.2094339,68220112.02327062
rate_1e4_T373,0.005,5e-07,176010149.99976408,176010149.99976408,373.1500000000004,3.979039320256561e-13,1.0615109169705997e-06,9.553598252735398e-07,1.0615109169705994e-07
rate_1e4_T373,0.00625,6.25e-07,220019824.2017264,220019824.2017264,373.15000000003437,3.439026841078885e-11,9.547362867756759e-05,8.592626580981082e-05,9.547362867756756e-06
rate_1e4_T373,0.0075,7.5e-07,264034255.62489358,264034255.62489358,373.1500000015403,1.5403429642901756e-09,0.00427485742257994,0.003847371680321946,0.0004274857422579939
rate_1e4_T373,0.00875,8.750000000000001e-07,308054383.10144526,308054383.10144526,373.1500000423057,4.2305714487156365e-08,0.11741023365390638,0.10566921028851572,0.011741023365390636
rate_1e4_T373,0.01,1e-06,352080946.9071957,352080946.9071957,373.15000084769326,8.476932862322428e-07,2.352588304328408,2.1173294738955675,0.23525883043284074
rate_1e4_T373,0.0125,1.25e-06,440115507.10141903,440115507.10141903,373.1501847025581,0.000184702558101435,512.6017737029391,461.34159633264517,51.2601773702939
rate_1e4_T373,0.015,1.5e-06,524384372.03550833,524384372.03550833,373.17001298052185,0.020012980521869395,55541.67424416653,49987.50681974988,5554.167424416652
rate_1e4_T373,0.0175,1.7500000000000002e-06,545506457.8956046,545506457.8956046,373.54480601738186,0.3948060173818817,1095698.2236154245,986128.4012538821,109569.82236154242
rate_1e4_T373,0.02,2e-06,533781711.80656624,533781711.80656624,374.0978303916146,0.947830391614616,2630497.0812440626,2367447.373119657,263049.70812440617
rate_1e4_T373,0.0275,2.75e-06,518002162.3358615,518002162.3358615,375.60715002079957,2.457150020799588,6819285.407046387,6137356.86634175,681928.5407046383
rate_1e4_T373,0.035,3.5000000000000004e-06,510452877.87310404,510452877.87310404,377.04188254977106,3.8918825497710827,10801073.460283428,9720966.114255095,1080107.3460283428
rate_1e4_T373,0.0425,4.25e-06,505641732.26474535,505641732.26474535,378.44551916363724,5.295519163637266,14696561.565084081,13226905.408575699,1469656.1565084085
rate_1e4_T373,0.05,5e-06,502212189.15073746,502212189.15073746,379.8307890296822,6.6807890296822166,18541076.75641476,16686969.080773305,1854107.6756414766
rate_1e4_T373,0.0625,6.25e-06,498130564.6835082,498130564.6835082,382.11389931838784,8.96389931838786,24877352.74390227,22389617.469512057,2487735.2743902253
rate_1e4_T373,0.07500000000000001,7.500000000000001e-06,495313601.5251855,495313601.5251855,384.3752131299624,11.225213129962412,31153137.350250475,28037823.61522544,3115313.7350250455
rate_1e4_T373,0.08750000000000001,8.750000000000001e-06,493205977.7225598,493205977.7225598,386.6218700090775,13.47187000907752,37388244.828712575,33649420.34584131,3738824.4828712572
rate_1e4_T373,0.1,1e-05,491549938.92981476,491549938.92981476,388.85778175114007,15.70778175114009,43593531.516551495,39234178.364896335,4359353.1516551515
rate_1e4_T373,0.125,1.25e-05,489035657.7415378,489035657.7415378,393.3064309587528,20.15643095875282,55939789.7286051,50345810.75574454,5593978.972860519
rate_1e4_T373,0.15000000000000002,1.5000000000000002e-05,487166394.60154986,487166394.60154986,397.7323716691482,24.582371669148245,68223025.44615033,61400722.9015352,6822302.5446150405
rate_1e4_T373,0.17500000000000002,1.7500000000000002e-05,485619071.24227995,485619071.24227995,402.1413476644563,28.991347664456327,80459179.28711145,72413261.3584003,8045917.928711155
rate_1e4_T373,0.2,2e-05,484240088.52052706,484240088.52052706,406.53628274721575,33.38628274721577,92656365.62945183,83390729.06650668,9265636.56294519
rate_1e4_T373,0.275,2.75e-05,480418348.2752615,480418348.2752615,419.6485993355279,46.4985993355279,129046748.14836453,116142073.33352806,12904674.814836456
rate_1e4_T373,0.35,3.5e-05,476507950.75371665,476507950.75371665,432.6570721504633,59.50707215046333,165148934.8622172,148634041.37599516,16514893.486221727
rate_1e4_T373,0.425,4.2499999999999996e-05,472310270.7949301,472310270.7949301,445.5568726308786,72.40687263087864,200949525.1498542,180854572.63486838,20094952.51498543
rate_1e4_T373,0.5,5e-05,467832433.46991116,467832433.46991116,458.3401574945892,85.19015749458924,236426751.68763766,212784076.5188734,23642675.168763768
rate_1e4_T373,0.625,6.25e-05,459907935.8589029,459907935.8589029,479.3683318655709,106.21833186557092,294785875.6365295,265307288.07287604,29478587.56365301
rate_1e4_T373,0.75,7.5e-05,451652385.74151963,451652385.74151963,500.03172718496705,126.88172718496708,352132634.6739536,316919371.2065588,35213263.467395455
rate_1e4_T373,0.875,8.75e-05,443282491.6409904,443282491.6409904,520.3198439215399,147.16984392153995,408437889.63480353,367594100.671323,40843788.96348037
rate_1e4_T373,1.0,0.0001,434943081.6622462,434943081.6622462,540.2306545235039,167.08065452350388,463696013.49012285,417326412.14111066,46369601.34901231
rate_1e4_T373,1.1,0.00011,428264757.3296413,428264757.3296413,555.8902795910458,182.7402795910458,507155896.60632336,456440306.9456916,50715589.660632305
rate_1e4_T373,1.2,0.00011999999999999999,421514868.8974294,421514868.8974294,571.3148218920786,198.16482189207863,549963358.6389334,494967022.7750408,54996335.86389337
rate_1e4_T373,1.2999999999999998,0.00013,415205336.8931063,415205336.8931063,586.506301815499,213.35630181549902,592124006.7378691,532911606.06408244,59212400.67378697
rate_1e4_T373,1.4,0.00014,409032573.2165851,409032573.2165851,601.4710390468618,228.32103904686187,633655379.815735,570289841.8341614,63365537.98157355
