claim_id,major_claim,evidence_source,status,manuscript_location,claim_boundary
FT-C01,"The 84-coordinate descriptor admits exact elimination to a 69-state generator with the same finite spectrum.","05_results/cp_ti_dynamic_descriptor_qz_v1.json; appendices/dyn_operator_proofs.tex",formal_and_numerical_gate_pass,"Theory; Results 5.1","Requires the stated algebraic-block and storage-block invertibility conditions; strict HCP-to-Bai degeneration remains open."
FT-C02,"On the same complete 69-state space and norm, full-state propagated minus frozen-integral log gains are +4.784, +7.217 and +6.402.","05_results/ijp_operator_consistency_v2.json",like_for_like_gate_pass,"Methods 4.3; Results 5.3","The projected constitutive gain is a separate input-output diagnostic and is not subtracted from the full-state spectral abscissa."
FT-C03,"Stationary-normal and commuting-normal fixed-leader controls recover propagated/frozen equality, while a switching leader and a mismatched projection fail as predicted.","05_results/ijp_operator_consistency_v2.json; 05_results/ijp_strengthening_evidence_v1.json",positive_and_boundary_controls_pass,"Methods 4.3; Results 5.4","Commutation and normality require a common pointwise leader for equality with the integral of the spectral abscissa."
FT-C04,"Modal condition numbers, eigenvector rotation, nonzero commutators and ordering controls identify active sources of finite-time/frozen non-equivalence.","05_results/ijp_operator_consistency_v2.json; 05_results/ijp_operator_consistency_v2/mechanism_history.csv",mechanism_diagnostics_pass,"Methods 4.3; Results 5.3; Discussion 6.1","These are operator diagnostics rather than unique causal decomposition of the physical specimen."
FT-C05,"Each of seven input-output selector questions has a stable winner across 11 registered factor-two norms, but different selectors can choose different branches.","05_results/ijp_operator_consistency_v2/norm_selector_winners.csv",sensitivity_matrix_complete,"Methods 4.5; Results 5.3; Discussion 6.5","Robustness is conditional on the tested norm family and physical selector question; it is not coordinate or selector invariance."
FT-C06,"Three independently selected crystal orientations retain positive like-for-like finite-time/frozen discrepancies.","05_results/ijp_strengthening_evidence_v1.json; 05_results/ijp_strengthening_evidence_v1/orientation_transfer.csv",three_orientation_transfer_pass,"Methods 4.4; Results 5.4","This is orientation transfer under one loading path, not a full loading-path campaign."
FT-C07,"The retained onset and terminal basins pass an anchor-assisted convergence and basin-recurrence audit.","05_results/ijp_strengthening_evidence_v1.json; 05_results/ijp_strengthening_evidence_v1/optimizer_trajectories.csv",anchor_assisted_search_audit_pass,"Methods 4.5; Results 5.4","Blind 1024-point Sobol sampling misses the terminal basin; no independent global-optimum certificate is claimed."
FT-C08,"A four-mode Galerkin replay reproduces the V3 optimized near-onset and terminal singular-vector gains within 0.730% and 0.223% on the matching 513-state map.","05_results/ijp_singular_vector_nonlinear_validation_v3.json; 05_results/ijp_singular_vector_nonlinear_validation_v3_fields.npz",galerkin_transport_pass_full_fourier_gate_open,"Methods 4.7; Results 5.8","The terminal discarded-RHS Fourier-energy gate fails, so this is not complete grid-resolved nonlinear validation."
FT-C09,"The constitutive ledger partitions crystal-plastic power into heat and a passive nonthermal remainder consistently with the stated entropy-production inequality.","sections/ft_model.tex; 05_results/ijp_singular_vector_nonlinear_validation_v2.json",scoped_thermodynamic_bookkeeping_closed,"Model 2.2; Results 5.2; Discussion 6.4","The passive remainder is not identified as dislocation Helmholtz free energy and produces no hardening force."
FT-C10,"The current theory closes finite-time finite-band selection but does not identify a seed-independent material width or areal propagation resistance.","05_results/cp_ti_lsbrp_q3_nonautonomous_bridge_v1.json; sections/ft_discussion.tex",negative_scale_gate_retained,"Results 5.9; Discussion 6.4; Conclusions","The selected wavelength is an amplified disturbance period, not a mature shear-band thickness."
FT-C11,"All seven selectors are independently re-optimized over direction and wavenumber under five norms at onset and terminal horizons; constitutive-response selectors retain interior maxima while 15 unrestricted/mechanical cases hit the upper-k boundary.","05_results/ijp_revision_evidence_v3.json; 05_results/ijp_revision_evidence_v3/reoptimized_selector_norm_winners.csv",seventy_problem_reoptimization_complete,"Methods 4.5; Results 5.5","Boundary maxima are classified as high-frequency wave branches and are not converted into localization wavelengths; the search remains anchor-assisted rather than a global certificate."
FT-C12,"With identical input/output selectors and metric, interval-preserving piecewise-frozen propagators converge toward the time-ordered map; the refinement-16 maximum absolute log-gain error is 0.0982.","05_results/ijp_revision_evidence_v3.json; 05_results/ijp_revision_evidence_v3/piecewise_frozen_same_selector.csv",same_selector_piecewise_gate_pass,"Methods 4.5; Results 5.5","This validates a consistent frozen-generator discretization, not the scalar integral of spectral abscissa."
FT-C13,"Three added rate/temperature paths preserve an interior terminal constitutive basin, while local parameter sensitivities separate gain controls from selected-scale controls; the matched-rate CP-Ti comparison fails quantitatively.","05_results/ijp_revision_evidence_v3.json; 05_results/ijp_revision_evidence_v3/loading_case_base_histories.csv; 05_results/ijp_revision_evidence_v3/local_parameter_sensitivity.csv; 04_reproducibility/literature_digitization/guo2019_prl/",transfer_and_negative_external_check_complete,"Methods 4.6; Results 5.6","The card is a verification seed, not a calibrated specimen predictor; sensitivities are local branch derivatives, not global uncertainty quantification."
FT-C14,"The mandatory 513-to-1025 density audit closes after the 257-to-513 trigger; the maximum relative log-gain change is 0.666%, and the 1025-state terminal gain is 6.2906e5 at fixed V3 direction and wavenumber.","05_results/ijp_v3_dense_convergence_v1.json; 05_results/ijp_v3_validation_suite_v1.json",linear_density_gate_pass,"Methods 4.7; Results 5.8","The terminal raw gain changes by about 3.3% from 513 to 1025 states; convergence is judged in the declared log-gain objective."
FT-C15,"The historical raw 16-cell all-mode failure is localized to the even-grid Nyquist coordinate at 1.3515625 microseconds; a matched mode-0--7 calculation that removes only Nyquist completes at both horizons.","05_results/ijp_v4_full_fourier_convergence_audit_v1.json; 05_results/ijp_v4_full_fourier_convergence_audit_v1.csv",nyquist_negative_control_localized,"Nonlinear transport Results; Mathematical limits Discussion","The raw failure is a discrete--continuum Nyquist inconsistency and is not interpreted as a physical short-wave instability."
FT-C16,"Two-thirds-dealiased 16/32/64-cell replays converge in gain, and independent time-step and integration-format ladders pass; however, the primary terminal discarded nonlinear RHS Fourier-energy fraction is 0.8466.","05_results/ijp_v4_full_fourier_convergence_audit_v1.json",resolved_numerical_convergence_pass_nonlinear_rhs_closure_open,"Nonlinear transport Methods and Results; Cross-scale Discussion","The evidence supports resolved finite-band transport, not complete nonlinear harmonic closure, finite-amplitude saturation or a mature material width."
FT-C17,"The base path is piecewise smooth with four registered switch intervals; bounded branch conventions change terminal gain by at most 0.0617%, and large terminal amplification survives a rank-28 recoverable-energy quotient metric at fixed direction and wavenumber.","05_results/ijp_v4_start_branch_metric_audit_v1.json; 05_results/ijp_v4_start_branch_metric_audit_v1.csv",branch_and_start_audit_pass_experimental_metric_open,"Base-history Methods; Initial-time/branch/metric Results; Mathematical limits Discussion","No semismooth propagation theorem, experimental observation covariance or energy-metric direction--wavenumber re-optimization is claimed."
